AdCode,OriginalRows,PerfectRows,RetainedRows,AvgMissingInRetained,PerfectBlocks,FilteredBlocks
110102,1053,15,100,0.85,2,10
110107,475,6,100,1.13,1,10
110117,429,0,100,1.72,0,10
110109,262,6,100,1.52,1,10
110108,2196,16,100,0.84,2,10
110114,1369,6,100,0.94,1,10
110106,2485,6,100,0.94,1,10
110101,1356,15,100,0.85,2,10
110116,354,13,100,1.35,2,10
110118,399,7,100,1.08,1,10
110105,3799,61,100,0.39,7,10
110119,230,2,100,1.68,1,10
110112,1145,3,100,0.97,1,10
110111,1036,33,100,0.67,4,10
110113,1212,0,100,1.71,0,10
110115,1766,47,100,0.53,5,10
120102,182,61,100,0.64,7,10
120110,1274,176,100,0.0,18,10
120101,784,139,100,0.0,14,10
120103,570,141,100,0.0,15,10
120106,729,178,100,0.0,18,10
120104,1203,273,100,0.0,28,10
130102,794,220,100,0.0,22,10
120112,1012,323,100,0.0,33,10
130107,127,39,100,1.38,4,10
120117,684,373,100,0.0,38,10
130108,720,59,100,0.41,6,10
130110,528,57,100,0.43,6,10
130109,810,62,100,0.38,7,10
130111,403,36,100,0.64,4,10
130121,344,65,100,0.35,7,10
120113,1291,517,100,0.0,52,10
130123,531,45,100,0.55,5,10
120118,1278,429,100,0.0,43,10
120111,1350,502,100,0.0,51,10
120115,1346,686,100,0.0,69,10
130127,228,18,100,0.82,2,10
130130,311,18,100,0.82,2,10
130125,246,122,100,0.0,13,10
130126,284,23,100,0.94,3,10
130128,182,95,100,0.05,10,10
130133,330,34,100,0.9,4,10
130183,515,8,100,1.37,1,10
130129,297,118,100,0.0,12,10
130105,922,382,100,0.0,39,10
130132,412,57,100,0.43,6,10
120119,734,594,100,0.0,60,10
120114,1174,683,100,0.0,69,10
130104,1474,402,100,0.0,41,10
130131,399,113,100,0.0,12,10
130181,756,67,100,0.33,7,10
130184,512,59,100,0.41,6,10
120105,6250,412,100,0.0,42,10
120116,3268,660,100,0.0,66,10
130202,524,213,100,0.0,22,10
130204,641,203,100,0.0,21,10
130303,102,44,100,1.1,5,10
130207,832,238,100,0.0,24,10
130205,291,241,100,0.0,25,10
130224,439,187,100,0.0,19,10
130304,162,34,100,1.45,4,10
130281,739,248,100,0.0,25,10
130208,1112,282,100,0.0,29,10
130225,503,199,100,0.0,20,10
130227,578,261,100,0.0,27,10
130209,612,276,100,0.0,28,10
130306,532,87,100,0.15,9,10
130321,238,82,100,0.18,9,10
130324,122,71,100,0.59,8,10
130203,994,442,100,0.0,45,10
130283,1198,363,100,0.0,37,10
130424,364,12,100,2.68,2,10
130404,251,53,100,0.55,6,10
130407,370,82,100,0.18,9,10
130302,833,383,100,0.0,39,10
130406,343,125,100,0.0,13,10
130403,1000,238,100,0.0,24,10
130430,217,50,100,1.26,5,10
130431,283,51,100,0.71,6,10
130322,756,262,100,0.0,27,10
130423,545,215,100,0.0,22,10
130426,442,53,100,0.47,6,10
130425,551,135,100,0.0,14,10
130432,305,72,100,0.31,8,10
130434,382,94,100,0.06,10,10
130402,728,286,100,0.0,29,10
130435,308,139,100,0.0,14,10
130229,1028,679,100,0.0,68,10
130433,301,78,100,0.35,8,10
130506,231,34,100,1.12,4,10
130427,510,186,100,0.0,19,10
130481,583,130,100,0.0,13,10
130530,94,30,94,0.82,3,10
130529,228,47,100,1.35,5,10
130528,285,116,100,0.0,12,10
130534,469,144,100,0.0,15,10
130522,221,103,100,0.0,11,10
130533,205,41,100,0.59,5,10
130531,203,72,100,0.28,8,10
130523,157,82,100,0.25,9,10
130408,1049,386,100,0.0,39,10
130602,657,253,100,0.0,26,10
130608,275,106,100,0.0,11,10
130524,159,128,100,0.0,13,10
130624,292,26,100,0.74,3,10
130607,494,254,100,0.0,26,10
130606,175,110,100,0.0,11,10
130609,828,449,100,0.0,45,10
130581,332,158,100,0.0,16,10
130627,525,114,100,0.0,12,10
130532,202,143,100,0.0,15,10
130525,303,159,100,0.0,16,10
130632,412,64,100,0.36,7,10
130623,259,135,100,0.0,14,10
130630,449,179,100,0.0,18,10
130683,186,109,100,0.0,11,10
130626,251,124,100,0.0,13,10
130535,257,122,100,0.0,13,10
130633,258,176,100,0.0,18,10
130634,633,268,100,0.0,27,10
130582,605,255,100,0.0,26,10
130629,272,145,100,0.0,15,10
130682,437,184,100,0.0,19,10
130637,221,98,100,0.02,10,10
130631,124,63,100,1.06,7,10
130635,371,138,100,0.0,14,10
130684,919,374,100,0.0,38,10
130723,146,34,100,2.08,4,10
130702,839,357,100,0.0,36,10
130703,291,97,100,0.03,10,10
130709,83,32,83,1.41,4,9
130636,284,105,100,0.0,11,10
130726,352,73,100,0.33,8,10
130628,524,209,100,0.0,21,10
130727,172,52,100,0.48,6,10
130706,75,23,75,1.39,3,8
130708,226,94,100,0.06,10,10
130725,115,46,100,1.49,5,10
130804,74,11,74,2.88,2,8
130728,121,55,100,1.15,6,10
130731,300,64,100,0.36,7,10
130724,236,100,100,0.0,10,10
130732,162,65,100,0.82,7,10
130722,342,113,100,0.0,12,10
130902,477,80,100,0.2,8,10
130827,459,49,100,0.51,5,10
130803,181,56,100,0.72,6,10
130824,459,30,100,1.51,3,10
130825,543,21,100,2.2,3,10
130821,547,197,100,0.0,20,10
130730,398,195,100,0.0,20,10
130922,409,37,100,0.63,4,10
130924,196,69,100,0.53,7,10
130921,582,204,100,0.0,21,10
130926,423,177,100,0.0,18,10
130881,387,36,100,0.64,4,10
130638,363,277,100,0.0,28,10
130828,340,57,100,0.93,6,10
130705,424,247,100,0.0,25,10
130928,210,88,100,0.12,9,10
130925,350,220,100,0.0,22,10
130822,760,184,100,0.0,19,10
130903,612,391,100,0.0,40,10
130826,308,92,100,0.08,10,10
131023,365,64,100,0.36,7,10
130802,759,215,100,0.0,22,10
131025,581,298,100,0.0,30,10
130927,283,31,100,0.69,4,10
130923,337,76,100,0.24,8,10
130981,616,337,100,0.0,34,10
130930,304,138,100,0.0,14,10
131003,659,218,100,0.0,22,10
131081,683,189,100,0.0,19,10
131122,373,96,100,0.04,10,10
130983,867,346,100,0.0,35,10
131002,518,151,100,0.0,16,10
130681,820,400,100,0.0,40,10
131028,139,31,100,1.91,4,10
131128,421,22,100,0.78,3,10
131022,206,120,100,0.0,12,10
131123,332,102,100,0.0,11,10
131126,486,201,100,0.0,21,10
131127,700,303,100,0.0,31,10
131124,436,289,100,0.0,29,10
131102,1321,659,100,0.0,66,10
131103,498,135,100,0.0,14,10
131121,491,209,100,0.0,21,10
130929,611,311,100,0.0,32,10
131125,596,311,100,0.0,32,10
140105,769,45,100,0.88,5,10
131026,733,289,100,0.0,29,10
140109,685,28,100,1.33,3,10
140213,1,0,1,2.0,0,1
140214,1,0,1,1.0,0,1
130982,1511,907,100,0.0,91,10
140215,1,0,1,0.0,0,1
131182,697,282,100,0.0,29,10
131024,373,111,100,0.0,12,10
140223,56,31,56,0.46,4,6
140222,64,23,64,0.95,3,7
140121,157,130,100,0.0,13,10
140123,81,11,81,2.62,2,9
140110,251,51,100,0.49,6,10
140181,82,31,82,1.48,4,9
140212,65,5,65,2.17,1,7
140122,90,54,90,0.42,6,9
140322,326,50,100,0.5,5,10
130984,884,541,100,0.0,55,10
140107,743,270,100,0.0,27,10
140225,149,52,100,0.48,6,10
140226,152,28,100,1.2,3,10
140321,427,19,100,0.81,2,10
140302,530,46,100,0.95,5,10
140311,273,35,100,0.65,4,10
140224,98,80,98,0.18,8,10
140108,930,139,100,0.0,14,10
140430,77,5,77,1.42,1,8
140427,198,45,100,1.1,5,10
140406,218,148,100,0.0,15,10
140425,70,44,70,0.34,5,7
140522,450,5,100,2.31,1,10
140429,87,44,87,0.25,5,9
140303,320,91,100,0.09,10,10
140521,251,12,100,2.19,2,10
140426,185,52,100,0.58,6,10
140428,139,24,100,0.48,3,10
140423,370,113,100,0.0,12,10
140431,172,105,100,0.0,11,10
140405,215,141,100,0.0,15,10
131082,989,428,100,0.0,43,10
140622,97,74,97,0.29,8,10
140681,260,49,100,0.8,5,10
140623,67,24,67,0.82,3,7
140524,142,109,100,0.0,11,10
140603,95,71,95,0.38,8,10
140221,1340,414,100,0.0,42,10
140602,341,22,100,1.75,3,10
140722,304,25,100,0.87,3,10
140581,643,299,100,0.0,30,10
140721,85,46,85,0.92,5,9
140106,2033,1070,100,0.0,107,10
140703,391,71,100,0.29,8,10
140621,166,97,100,0.03,10,10
140725,207,18,100,1.27,2,10
140525,345,257,100,0.0,26,10
140728,301,9,100,1.37,1,10
140821,511,93,100,0.07,10,10
140781,280,30,100,1.17,3,10
140729,398,191,100,0.0,20,10
140724,169,74,100,0.26,8,10
140723,245,129,100,0.0,13,10
140824,448,315,100,0.0,32,10
140727,286,81,100,0.19,9,10
140922,83,32,83,0.76,4,9
140825,260,47,100,0.53,5,10
140823,412,292,100,0.0,30,10
140828,99,63,99,0.27,7,10
140923,181,33,100,1.02,4,10
140827,220,140,100,0.0,14,10
140902,382,263,100,0.0,27,10
140702,1321,153,100,0.0,16,10
140830,219,153,100,0.0,16,10
140931,77,31,77,0.71,4,8
140928,162,92,100,0.08,10,10
140927,63,1,63,2.1,1,7
140932,30,0,30,2.9,0,3
140929,117,74,100,0.26,8,10
140822,237,141,100,0.0,15,10
140926,144,43,100,0.57,5,10
140829,182,136,100,0.0,14,10
141025,43,0,43,1.56,0,5
140925,146,76,100,0.12,8,10
140882,413,196,100,0.0,20,10
140881,549,376,100,0.0,38,10
140921,123,93,100,0.07,10,10
141030,17,1,17,2.29,1,2
140981,442,285,100,0.0,29,10
140826,299,230,100,0.0,23,10
141026,66,5,66,0.65,1,7
140924,209,110,100,0.0,11,10
140502,1152,541,100,0.0,55,10
141021,124,5,100,1.64,1,10
141027,37,4,37,1.38,1,4
141032,17,0,17,2.53,0,2
141022,184,10,100,1.92,1,10
141002,780,91,100,0.09,10,10
141031,77,16,77,0.97,2,8
141034,35,10,35,0.69,1,4
141082,109,64,100,0.38,7,10
141102,635,20,100,1.21,2,10
140930,101,40,100,0.9,4,10
141028,69,3,69,1.65,1,7
141124,464,14,100,1.72,2,10
141121,195,28,100,2.07,3,10
141122,272,0,100,2.43,0,10
141023,285,207,100,0.0,21,10
140802,1148,325,100,0.0,33,10
141130,151,11,100,2.12,2,10
141123,253,133,100,0.0,14,10
141125,280,16,100,1.0,2,10
141081,272,19,100,1.19,2,10
141024,199,82,100,0.18,9,10
150122,134,77,100,0.12,8,10
141126,86,12,86,1.73,2,9
141181,461,30,100,0.78,3,10
141033,100,22,100,1.04,3,10
141129,197,21,100,2.12,3,10
141029,150,48,100,0.52,5,10
141128,158,35,100,0.97,4,10
150103,236,170,100,0.0,17,10
141127,186,59,100,0.84,6,10
150205,60,4,60,1.72,1,6
150123,141,49,100,0.24,5,10
150125,157,3,100,1.81,1,10
150206,32,19,32,1.16,2,4
150121,299,104,100,0.0,11,10
150223,55,18,55,1.65,2,6
141182,380,61,100,0.39,7,10
150105,445,275,100,0.0,28,10
150102,747,349,100,0.0,35,10
150124,104,85,100,0.13,9,10
150202,455,89,100,0.11,9,10
150203,631,51,100,0.49,6,10
150302,445,123,100,0.0,13,10
150222,106,13,100,1.4,2,10
150304,346,81,100,0.19,9,10
150104,440,269,100,0.0,27,10
150204,491,115,100,0.0,12,10
150221,254,158,100,0.0,16,10
150207,338,120,100,0.0,12,10
150421,299,42,100,0.58,5,10
150426,145,6,100,1.2,1,10
150425,155,71,100,0.29,8,10
150430,399,100,100,0.0,10,10
150423,301,19,100,0.81,2,10
150422,196,73,100,0.27,8,10
150428,288,9,100,2.16,1,10
150429,679,51,100,0.73,6,10
150502,1062,404,100,0.0,41,10
150424,174,120,100,0.0,12,10
150581,137,14,100,1.28,2,10
150404,327,192,100,0.0,20,10
150403,300,176,100,0.0,18,10
150525,240,190,100,0.0,19,10
150402,723,396,100,0.0,40,10
150623,194,17,100,0.83,2,10
150521,186,150,100,0.0,15,10
150523,309,247,100,0.0,25,10
150526,273,165,100,0.0,17,10
150522,286,208,100,0.0,21,10
150524,209,114,100,0.0,12,10
150726,20,5,20,1.4,1,2
150624,591,21,100,2.13,3,10
150727,33,18,33,0.36,2,4
150621,588,438,100,0.0,44,10
150303,2053,108,100,0.0,11,10
150626,403,172,100,0.0,18,10
150725,55,1,55,1.6,1,6
150784,103,3,100,1.6,1,10
150625,308,170,100,0.0,17,10
150723,144,0,100,1.22,0,10
150781,322,78,100,0.22,8,10
150785,63,14,63,1.6,2,7
150782,371,102,100,0.0,11,10
150627,620,415,100,0.0,42,10
150702,681,203,100,0.0,21,10
150823,306,22,100,0.78,3,10
150724,128,29,100,0.71,3,10
150802,402,45,100,0.99,5,10
150722,231,151,100,0.0,16,10
150921,79,58,79,0.33,6,8
150922,57,35,57,0.33,4,6
150825,95,57,95,0.33,6,10
150721,246,123,100,0.0,13,10
150928,76,11,76,1.11,2,8
150923,159,12,100,0.61,2,10
150602,1196,722,100,0.0,73,10
150821,184,140,100,0.0,14,10
150926,96,22,96,0.44,3,10
152201,330,31,100,0.69,4,10
150927,78,57,78,0.24,6,8
150925,121,73,100,0.27,8,10
152222,388,218,100,0.0,22,10
152223,433,25,100,1.54,3,10
152202,70,13,70,1.13,2,7
150822,111,50,100,0.3,5,10
150824,240,31,100,0.76,4,10
152522,31,13,31,0.52,2,4
150783,562,204,100,0.0,21,10
152523,16,4,16,0.94,1,2
150902,1600,190,100,0.0,19,10
152501,62,53,62,0.16,6,7
152529,27,20,27,0.3,2,3
152528,5,0,5,1.0,0,1
150929,87,64,87,0.25,7,9
152224,146,101,100,0.0,11,10
152524,41,0,41,1.17,0,5
150981,175,112,100,0.0,12,10
152525,51,10,51,1.12,1,6
150924,135,88,100,0.12,9,10
150622,637,500,100,0.0,50,10
152502,293,109,100,0.0,11,10
152530,86,26,86,0.5,3,9
152526,86,34,86,0.58,4,9
150826,265,174,100,0.0,18,10
152922,75,2,75,1.81,1,8
152921,394,213,100,0.0,22,10
152923,76,33,76,0.34,4,8
210111,980,16,100,1.7,2,10
152221,344,207,100,0.0,21,10
210114,1209,10,100,1.03,1,10
210124,852,0,100,2.23,0,10
210112,1148,16,100,0.84,2,10
152531,102,37,100,0.49,4,10
152527,86,44,86,0.23,5,9
210202,367,12,100,1.58,2,10
210102,1428,81,100,0.19,9,10
210106,1525,140,100,0.0,14,10
210181,1420,51,100,0.49,6,10
210123,451,300,100,0.0,30,10
210105,1528,228,100,0.0,23,10
210212,639,4,100,1.68,1,10
210204,1414,13,100,0.87,2,10
210103,1827,215,100,0.0,22,10
210104,1799,291,100,0.0,30,10
210303,853,14,100,0.86,2,10
210203,619,3,100,1.64,1,10
210113,904,251,100,0.0,26,10
210311,184,16,100,0.84,2,10
210323,395,22,100,2.12,3,10
210213,1060,6,100,0.92,1,10
210211,1608,19,100,0.81,2,10
210283,912,85,100,0.15,9,10
210224,144,0,100,2.65,0,10
210402,176,41,100,0.59,5,10
210411,325,95,100,0.05,10,10
210505,80,0,80,1.09,0,8
210503,254,28,100,0.94,3,10
210115,1021,504,100,0.0,51,10
210281,1764,444,100,0.0,45,10
210421,505,152,100,0.0,16,10
210302,393,240,100,0.0,24,10
210504,372,28,100,0.72,3,10
210321,577,492,100,0.0,50,10
210522,353,3,100,2.59,1,10
210624,574,12,100,1.51,2,10
210381,1074,822,100,0.0,83,10
210502,493,115,100,0.0,12,10
210404,196,133,100,0.0,14,10
210604,376,1,100,2.18,1,10
210304,345,211,100,0.0,22,10
210603,451,96,100,0.04,10,10
210403,312,126,100,0.0,13,10
210423,133,116,100,0.0,12,10
210602,311,63,100,0.37,7,10
210811,47,34,47,0.21,4,5
210521,413,192,100,0.0,20,10
210804,468,78,100,0.22,8,10
210782,435,326,100,0.0,33,10
210903,134,7,100,2.49,1,10
210881,557,255,100,0.0,26,10
210682,649,332,100,0.0,34,10
210681,951,465,100,0.0,47,10
210802,125,74,100,0.29,8,10
210803,301,58,100,0.2,6,10
210702,332,12,100,0.88,2,10
210882,653,494,100,0.0,50,10
211003,218,4,100,1.37,1,10
210214,886,462,100,0.0,47,10
210904,222,21,100,1.01,3,10
210922,607,1,100,1.9,1,10
210703,354,167,100,0.0,17,10
211011,182,40,100,1.82,4,10
210422,367,304,100,0.0,31,10
210905,59,43,59,0.42,5,6
211004,283,100,100,0.0,10,10
210902,396,121,100,0.0,13,10
210921,220,42,100,0.58,5,10
211002,459,97,100,0.03,10,10
210781,487,346,100,0.0,35,10
211005,191,2,100,1.52,1,10
211102,339,1,100,2.53,1,10
210727,1305,417,100,0.0,42,10
211204,132,59,100,0.53,6,10
210711,478,285,100,0.0,29,10
211021,633,180,100,0.0,18,10
211104,534,142,100,0.0,15,10
211202,422,157,100,0.0,16,10
211081,460,141,100,0.0,15,10
211122,323,26,100,0.83,3,10
211282,575,104,100,0.0,11,10
211303,225,166,100,0.0,17,10
210726,557,245,100,0.0,25,10
211224,971,8,100,1.13,1,10
211403,306,25,100,0.75,3,10
210911,297,245,100,0.0,25,10
211422,622,8,100,0.92,1,10
211302,243,103,100,0.0,11,10
211321,325,246,100,0.0,25,10
211324,311,210,100,0.0,21,10
211103,500,123,100,0.0,13,10
211402,860,51,100,0.49,6,10
211281,262,8,100,1.65,1,10
211421,606,21,100,0.79,3,10
211221,526,29,100,0.71,3,10
211381,610,450,100,0.0,45,10
211404,187,20,100,0.8,2,10
220105,848,13,100,1.27,2,10
211382,387,103,100,0.0,11,10
211481,771,274,100,0.0,28,10
220113,1262,639,100,0.0,64,10
220104,3628,25,100,0.81,3,10
220103,1931,238,100,0.0,24,10
220102,2473,200,100,0.0,20,10
211223,304,263,100,0.0,27,10
220184,1819,91,100,0.09,10,10
220122,1227,72,100,0.28,8,10
220106,867,53,100,0.47,6,10
220211,669,140,100,0.0,14,10
220183,1087,180,100,0.0,18,10
220284,933,112,100,0.0,12,10
220281,1312,60,100,0.4,6,10
220221,663,136,100,0.0,14,10
220204,1202,199,100,0.0,20,10
220202,1367,128,100,0.0,13,10
220402,950,48,100,0.52,5,10
220302,449,13,100,0.87,2,10
220303,513,29,100,0.98,3,10
220283,1227,338,100,0.0,34,10
220403,273,9,100,1.42,1,10
220521,614,91,100,0.09,10,10
220323,1169,98,100,0.02,10,10
220523,558,223,100,0.0,23,10
220502,1130,113,100,0.0,12,10
220422,557,332,100,0.0,34,10
220182,1937,278,100,0.0,28,10
220282,1029,273,100,0.0,28,10
220112,962,503,100,0.0,51,10
220503,268,0,100,1.61,0,10
220605,355,75,100,0.25,8,10
220582,754,9,100,1.6,1,10
220623,132,42,100,0.58,5,10
220602,628,46,100,0.54,5,10
220622,439,70,100,0.3,7,10
220681,189,37,100,0.63,4,10
211322,616,566,100,0.0,57,10
220723,458,40,100,0.6,4,10
220621,818,31,100,0.69,4,10
220421,732,516,100,0.0,52,10
220702,1379,252,100,0.0,26,10
220881,814,58,100,0.42,6,10
222402,265,10,100,1.46,1,10
220581,1633,646,100,0.0,65,10
222405,223,21,100,1.06,3,10
220322,1200,466,100,0.0,47,10
222406,360,44,100,0.56,5,10
222403,1560,211,100,0.0,22,10
222404,1026,396,100,0.0,40,10
220802,994,36,100,0.83,4,10
222424,754,181,100,0.0,19,10
220821,446,70,100,0.3,7,10
222401,2979,422,100,0.0,43,10
222426,507,114,100,0.0,12,10
220203,1071,501,100,0.0,51,10
220524,617,445,100,0.0,45,10
220781,819,185,100,0.0,19,10
220721,1240,231,100,0.0,24,10
230123,504,230,100,0.0,23,10
230124,612,110,100,0.0,11,10
220822,503,400,100,0.0,40,10
230109,598,316,100,0.0,32,10
230113,378,141,100,0.0,15,10
230104,1103,343,100,0.0,35,10
230102,1573,587,100,0.0,59,10
220382,738,432,100,0.0,44,10
230108,365,175,100,0.0,18,10
220722,897,475,100,0.0,48,10
220882,593,322,100,0.0,33,10
230129,370,206,100,0.0,21,10
230128,432,275,100,0.0,28,10
230110,1222,446,100,0.0,45,10
230184,500,187,100,0.0,19,10
230205,117,19,100,2.66,2,10
230127,339,134,100,0.0,14,10
230126,1094,584,100,0.0,59,10
230202,633,67,100,0.33,7,10
230224,342,2,100,1.81,1,10
230111,701,356,100,0.0,36,10
230204,603,21,100,0.79,3,10
230225,624,49,100,0.51,5,10
230207,145,61,100,0.54,7,10
230208,229,59,100,0.8,6,10
230230,123,6,100,1.87,1,10
230206,362,106,100,0.0,11,10
230223,248,92,100,0.08,10,10
230183,956,352,100,0.0,36,10
230112,390,285,100,0.0,29,10
230229,463,35,100,1.53,4,10
230227,558,87,100,0.13,9,10
230302,392,1,100,1.69,1,10
230307,23,4,23,1.61,1,3
230303,216,2,100,2.42,1,10
230304,111,9,100,2.52,1,10
230305,100,1,100,2.13,1,10
230321,260,7,100,1.92,1,10
230381,225,14,100,2.1,2,10
230306,161,4,100,2.44,1,10
230407,32,2,32,1.28,1,4
230406,64,9,64,1.3,1,7
230403,148,41,100,0.69,5,10
230402,84,62,84,0.27,7,9
230505,63,12,63,0.87,2,7
230404,144,39,100,1.13,4,10
230421,97,58,97,0.35,6,10
230422,136,71,100,0.29,8,10
230405,341,34,100,0.7,4,10
230281,586,234,100,0.0,24,10
230503,54,15,54,0.87,2,6
230203,676,298,100,0.0,30,10
230522,99,0,99,2.77,0,10
230382,417,166,100,0.0,17,10
230506,107,3,100,2.48,1,10
230523,154,3,100,2.78,1,10
230231,484,257,100,0.0,26,10
230524,94,23,94,2.14,3,10
230521,256,29,100,1.04,3,10
230125,1450,467,100,0.0,47,10
230502,265,68,100,0.32,7,10
230724,35,7,35,1.23,1,4
230719,59,20,59,1.0,2,6
230723,40,5,40,1.52,1,4
230604,797,44,100,0.56,5,10
230722,130,11,100,1.3,2,10
230623,237,62,100,0.38,7,10
230603,465,121,100,0.0,13,10
230804,216,5,100,2.09,1,10
230726,120,24,100,1.77,3,10
230805,166,16,100,1.67,2,10
230602,790,188,100,0.0,19,10
230622,348,207,100,0.0,21,10
230781,274,77,100,0.23,8,10
230803,434,102,100,0.0,11,10
230605,582,246,100,0.0,25,10
230624,367,154,100,0.0,16,10
230822,447,9,100,2.19,1,10
230826,150,62,100,0.38,7,10
230883,150,6,100,2.05,1,10
230621,349,214,100,0.0,22,10
230881,321,71,100,0.29,8,10
230103,2325,879,100,0.0,88,10
230221,3608,631,100,0.0,64,10
230902,295,6,100,1.41,1,10
231002,399,1,100,1.63,1,10
230921,229,4,100,1.56,1,10
231003,199,3,100,2.38,1,10
230828,181,78,100,0.22,8,10
231004,288,0,100,2.44,0,10
231025,359,35,100,0.65,4,10
231081,191,1,100,2.57,1,10
230904,122,63,100,0.37,7,10
230882,369,153,100,0.0,16,10
230606,1803,291,100,0.0,30,10
230903,333,132,100,0.0,14,10
231084,315,62,100,0.38,7,10
231124,156,47,100,0.53,5,10
231085,407,50,100,0.5,5,10
231086,250,77,100,0.23,8,10
231182,139,0,100,3.76,0,10
231123,134,70,100,0.3,7,10
231083,291,99,100,0.01,10,10
231183,492,31,100,0.92,4,10
231181,384,19,100,0.89,2,10
231224,334,6,100,1.6,1,10
231225,184,19,100,0.81,2,10
230811,751,388,100,0.0,39,10
231102,294,169,100,0.0,17,10
232718,114,40,100,0.88,4,10
232701,82,26,82,0.78,3,9
232722,83,23,83,1.0,3,9
232721,110,3,100,2.21,1,10
231281,395,75,100,0.25,8,10
231221,298,108,100,0.0,11,10
231222,305,151,100,0.0,16,10
231282,818,78,100,0.22,8,10
231005,1478,311,100,0.0,32,10
231226,198,108,100,0.0,11,10
310101,2428,15,100,0.68,2,10
231223,452,106,100,0.0,11,10
310104,2581,1,100,1.43,1,10
310105,2940,7,100,1.14,1,10
231202,842,225,100,0.0,23,10
310106,2154,17,100,0.77,2,10
310110,2618,6,100,1.37,1,10
310109,2565,37,100,0.68,4,10
231283,303,144,100,0.0,15,10
310113,4529,36,100,1.99,4,10
310114,3488,29,100,1.19,3,10
310118,2676,11,100,1.78,2,10
310116,2714,49,100,0.51,5,10
310117,4589,43,100,0.53,5,10
310151,956,24,100,2.37,3,10
310120,3797,75,100,0.19,8,10
320105,710,227,100,0.0,23,10
310115,10206,88,100,0.12,9,10
320118,1094,166,100,0.0,17,10
320102,888,302,100,0.0,31,10
320114,781,119,100,0.0,12,10
320111,1542,303,100,0.0,31,10
310112,6048,434,100,0.0,44,10
310107,1788,539,100,0.0,54,10
320116,1684,330,100,0.0,33,10
320214,111,85,100,0.31,9,10
320117,884,281,100,0.0,29,10
320113,1189,277,100,0.0,28,10
320106,2227,521,100,0.0,53,10
320302,1006,95,100,0.05,10,10
320303,956,56,100,0.47,6,10
320213,621,279,100,0.0,28,10
320205,1944,332,100,0.0,34,10
320206,1560,403,100,0.0,41,10
320311,931,454,100,0.0,46,10
320115,2219,891,100,0.0,90,10
320321,1490,554,100,0.0,56,10
320211,1250,429,100,0.0,43,10
320104,1970,746,100,0.0,75,10
320305,848,414,100,0.0,42,10
320381,1600,474,100,0.0,48,10
320312,2255,769,100,0.0,77,10
320382,2211,731,100,0.0,74,10
320322,1539,694,100,0.0,70,10
320404,1595,295,100,0.0,30,10
320324,1725,791,100,0.0,80,10
320411,1427,491,100,0.0,50,10
320507,1916,667,100,0.0,67,10
320282,3434,847,100,0.0,85,10
320614,1346,310,100,0.0,31,10
320612,1980,65,100,0.35,7,10
320402,1822,832,100,0.0,84,10
320506,2294,772,100,0.0,78,10
320508,2071,478,100,0.0,48,10
320613,1747,408,100,0.0,41,10
320585,2540,946,100,0.0,95,10
320413,1375,608,100,0.0,61,10
320623,1209,146,100,0.0,15,10
320582,3587,1331,100,0.0,134,10
320505,1450,1032,100,0.0,104,10
320481,1663,556,100,0.0,56,10
320412,3977,1507,100,0.0,151,10
320685,1188,241,100,0.0,25,10
320682,1931,500,100,0.0,50,10
320724,867,264,100,0.0,27,10
320681,1433,415,100,0.0,42,10
320813,706,130,100,0.0,13,10
320703,732,191,100,0.0,20,10
320804,1373,45,100,0.77,5,10
320509,4522,1749,100,0.0,175,10
320722,1607,477,100,0.0,48,10
320831,516,226,100,0.0,23,10
320826,1490,519,100,0.0,52,10
320903,640,146,100,0.0,15,10
320723,1115,314,100,0.0,32,10
320812,1065,231,100,0.0,24,10
320707,1547,508,100,0.0,51,10
320902,1846,17,100,0.83,2,10
320830,1771,283,100,0.0,29,10
320921,753,141,100,0.0,15,10
320581,5086,1991,100,0.0,200,10
320803,2233,748,100,0.0,75,10
320922,1530,154,100,0.0,16,10
320904,1118,147,100,0.0,15,10
320706,2002,706,100,0.0,71,10
321003,1473,326,100,0.0,33,10
321023,767,3,100,3.15,1,10
321002,1195,395,100,0.0,40,10
320923,1305,331,100,0.0,34,10
321081,1073,218,100,0.0,22,10
321111,549,193,100,0.0,20,10
320981,1342,141,100,0.0,15,10
321102,710,146,100,0.0,15,10
321182,686,76,100,0.24,8,10
321112,459,377,100,0.0,38,10
321202,935,131,100,0.0,14,10
321084,1285,520,100,0.0,52,10
320925,1170,277,100,0.0,28,10
320583,4751,1794,100,0.0,180,10
321012,1616,388,100,0.0,39,10
321203,367,123,100,0.0,13,10
321281,1669,238,100,0.0,24,10
321204,1388,129,100,0.0,13,10
321283,1685,63,100,0.37,7,10
321183,1069,416,100,0.0,42,10
321282,1473,500,100,0.0,50,10
321323,1362,215,100,0.0,22,10
320924,1227,360,100,0.0,36,10
320281,5952,1583,100,0.0,159,10
321311,993,400,100,0.0,40,10
330108,1173,77,100,0.38,8,10
330105,1981,207,100,0.0,21,10
330102,2125,153,100,0.0,16,10
330182,1054,110,100,0.0,11,10
321302,2320,890,100,0.0,89,10
330106,3683,150,100,0.0,15,10
330127,1903,137,100,0.0,14,10
330111,1685,208,100,0.0,21,10
321181,2157,836,100,0.0,84,10
330112,1489,176,100,0.0,18,10
330122,1228,165,100,0.0,17,10
330109,5059,355,100,0.0,36,10
321324,1501,616,100,0.0,62,10
330211,3131,592,100,0.0,60,10
330226,1832,207,100,0.0,21,10
330305,291,29,100,1.84,3,10
330206,3579,1138,100,0.0,114,10
330213,2346,246,100,0.0,25,10
330203,2109,551,100,0.0,56,10
330110,4362,422,100,0.0,43,10
330329,467,44,100,0.68,5,10
330328,605,52,100,1.04,6,10
330304,2292,424,100,0.0,43,10
330225,2784,704,100,0.0,71,10
330281,4942,761,100,0.0,77,10
330326,2891,464,100,0.0,47,10
330302,3301,498,100,0.0,50,10
321322,3032,671,100,0.0,68,10
330411,1142,96,100,0.04,10,10
330324,2957,162,100,0.0,17,10
330212,3635,1008,100,0.0,101,10
330424,1497,319,100,0.0,32,10
330205,3373,1684,100,0.0,169,10
330402,2218,361,100,0.0,37,10
330421,3597,204,100,0.0,21,10
330503,1795,183,100,0.0,19,10
330382,4049,688,100,0.0,69,10
330303,2937,848,100,0.0,85,10
330482,2897,381,100,0.0,39,10
330502,2907,209,100,0.0,21,10
330521,2116,559,100,0.0,56,10
330522,1866,301,100,0.0,31,10
330327,3241,930,100,0.0,93,10
330483,2354,462,100,0.0,47,10
330703,921,254,100,0.0,26,10
330727,423,61,100,0.39,7,10
330523,1657,186,100,0.0,19,10
330624,952,203,100,0.0,21,10
330683,2064,459,100,0.0,46,10
330381,6309,841,100,0.0,85,10
330481,3215,618,100,0.0,62,10
330604,1672,360,100,0.0,36,10
330723,1582,127,100,0.0,13,10
330781,1380,166,100,0.0,17,10
330726,1883,474,100,0.0,48,10
330802,1583,139,100,0.0,14,10
330822,753,143,100,0.0,15,10
330824,675,100,100,0.0,10,10
330825,984,123,100,0.0,13,10
330803,935,50,100,0.5,5,10
330922,208,21,100,1.79,3,10
330783,3539,395,100,0.0,40,10
330603,3752,833,100,0.0,84,10
330602,4592,762,100,0.0,77,10
330784,3130,980,100,0.0,98,10
330902,1076,24,100,1.56,3,10
330702,2706,492,100,0.0,50,10
330881,1057,281,100,0.0,29,10
330681,2988,455,100,0.0,46,10
330782,6190,875,100,0.0,88,10
330903,919,186,100,0.0,19,10
331022,1181,63,100,0.37,7,10
330921,437,109,100,0.0,11,10
331123,538,95,100,0.05,10,10
331122,924,191,100,0.0,20,10
331023,1226,135,100,0.0,14,10
331002,2061,175,100,0.0,18,10
331024,1178,98,100,0.02,10,10
331124,541,94,100,0.06,10,10
331003,1759,249,100,0.0,25,10
331127,211,23,100,2.0,3,10
330282,8815,2891,100,0.0,290,10
331004,1777,253,100,0.0,26,10
331102,1743,329,100,0.0,33,10
331121,1500,206,100,0.0,21,10
331082,2276,385,100,0.0,39,10
331126,434,122,100,0.0,13,10
331125,524,62,100,0.92,7,10
331181,571,86,100,0.14,9,10
331083,1905,315,100,0.0,32,10
340212,742,137,100,0.0,14,10
340122,1100,342,100,0.0,35,10
340202,1261,166,100,0.0,17,10
340104,1391,279,100,0.0,28,10
340209,519,231,100,0.0,24,10
340223,970,271,100,0.0,28,10
340121,985,351,100,0.0,36,10
331081,4608,1261,100,0.0,127,10
340103,1407,545,100,0.0,55,10
340123,936,309,100,0.0,31,10
340181,1130,579,100,0.0,58,10
340102,2224,818,100,0.0,82,10
340207,801,522,100,0.0,53,10
340302,909,509,100,0.0,51,10
340402,443,225,100,0.0,23,10
340405,343,13,100,0.87,2,10
340311,542,258,100,0.0,26,10
340124,1008,532,100,0.0,54,10
340111,1801,768,100,0.0,77,10
340281,1284,819,100,0.0,82,10
340322,1016,403,100,0.0,41,10
340406,638,258,100,0.0,26,10
340506,302,92,100,0.08,10,10
340503,804,81,100,0.19,9,10
340404,931,771,100,0.0,78,10
340522,623,209,100,0.0,21,10
340321,1673,647,100,0.0,65,10
340602,278,93,100,0.07,10,10
340303,1168,540,100,0.0,54,10
340711,166,79,100,0.21,8,10
340621,615,148,100,0.0,15,10
340521,640,321,100,0.0,33,10
340323,1126,383,100,0.0,39,10
340523,707,267,100,0.0,27,10
340706,229,147,100,0.0,15,10
340304,1307,495,100,0.0,50,10
340421,1114,527,100,0.0,53,10
340603,743,282,100,0.0,29,10
340422,936,368,100,0.0,37,10
340504,793,508,100,0.0,51,10
340403,2620,599,100,0.0,60,10
340604,273,194,100,0.0,20,10
340705,792,231,100,0.0,24,10
341004,52,39,52,0.35,4,6
340811,294,198,100,0.0,20,10
340803,352,150,100,0.0,15,10
341003,188,47,100,0.53,5,10
340802,398,227,100,0.0,23,10
341021,460,72,100,0.28,8,10
340827,470,175,100,0.0,18,10
340828,533,243,100,0.0,25,10
341022,261,121,100,0.0,13,10
340722,632,311,100,0.0,32,10
340882,363,207,100,0.0,21,10
341122,540,186,100,0.0,19,10
340881,699,214,100,0.0,22,10
341023,133,80,100,0.2,8,10
341125,1038,461,100,0.0,47,10
340825,603,360,100,0.0,36,10
341024,137,92,100,0.08,10,10
341102,541,399,100,0.0,40,10
341124,566,200,100,0.0,20,10
340822,593,403,100,0.0,41,10
340826,978,327,100,0.0,33,10
341002,606,335,100,0.0,34,10
341103,592,263,100,0.0,27,10
341181,726,362,100,0.0,37,10
341204,640,236,100,0.0,24,10
341202,1522,618,100,0.0,62,10
341504,39,15,39,1.03,2,4
341126,974,364,100,0.0,37,10
341203,659,325,100,0.0,33,10
341182,781,343,100,0.0,35,10
341221,1652,842,100,0.0,85,10
341321,841,260,100,0.0,26,10
341282,703,494,100,0.0,50,10
341503,861,208,100,0.0,21,10
341226,1396,710,100,0.0,71,10
341525,303,68,100,0.32,7,10
341322,1059,574,100,0.0,58,10
341324,1011,520,100,0.0,52,10
341524,724,381,100,0.0,39,10
341502,844,534,100,0.0,54,10
341523,835,240,100,0.0,24,10
341225,1172,542,100,0.0,55,10
341522,1170,233,100,0.0,24,10
341222,1161,624,100,0.0,63,10
341723,418,8,100,0.92,1,10
341323,1226,549,100,0.0,55,10
341722,137,91,100,0.09,10,10
341622,1247,568,100,0.0,57,10
341821,499,166,100,0.0,17,10
341825,174,57,100,0.43,6,10
341823,434,91,100,0.09,10,10
341702,761,354,100,0.0,36,10
341824,298,112,100,0.0,12,10
341721,613,299,100,0.0,30,10
341602,2953,633,100,0.0,64,10
341881,916,307,100,0.0,31,10
350103,1349,520,100,0.0,52,10
341621,2084,1510,100,0.0,151,10
341623,2231,648,100,0.0,65,10
341302,2432,923,100,0.0,93,10
350105,463,273,100,0.0,28,10
350125,219,181,100,0.0,19,10
341802,1103,413,100,0.0,42,10
341882,683,457,100,0.0,46,10
350124,344,246,100,0.0,25,10
350122,681,505,100,0.0,51,10
350123,787,456,100,0.0,46,10
350128,565,243,100,0.0,25,10
350211,1564,327,100,0.0,33,10
350102,1498,1007,100,0.0,101,10
350121,1129,622,100,0.0,63,10
350205,1164,713,100,0.0,72,10
350206,2335,1001,100,0.0,101,10
350111,1827,759,100,0.0,76,10
350213,1396,367,100,0.0,37,10
350404,561,20,100,0.82,2,10
350423,342,60,100,0.45,6,10
350421,373,170,100,0.0,17,10
350424,284,74,100,0.37,8,10
350405,484,142,100,0.0,15,10
350212,1585,634,100,0.0,64,10
350112,1502,901,100,0.0,91,10
350303,1438,597,100,0.0,60,10
350425,569,169,100,0.0,17,10
350104,1975,1681,100,0.0,169,10
350430,422,122,100,0.0,13,10
350428,497,162,100,0.0,17,10
350429,420,178,100,0.0,18,10
350302,1277,769,100,0.0,77,10
350426,639,333,100,0.0,34,10
350305,1127,833,100,0.0,84,10
350504,569,205,100,0.0,21,10
350526,578,233,100,0.0,24,10
350525,618,283,100,0.0,29,10
350502,890,691,100,0.0,70,10
350322,1445,786,100,0.0,79,10
350203,2502,1573,100,0.0,158,10
350505,1276,828,100,0.0,83,10
350304,1721,1454,100,0.0,146,10
350181,2222,1486,100,0.0,149,10
350481,1309,1046,100,0.0,105,10
350603,378,289,100,0.0,29,10
350624,594,193,100,0.0,20,10
350521,2581,1088,100,0.0,109,10
350605,424,273,100,0.0,28,10
350503,1175,861,100,0.0,87,10
350626,381,245,100,0.0,25,10
350629,351,146,100,0.0,15,10
350723,311,208,100,0.0,21,10
350622,878,431,100,0.0,44,10
350722,446,301,100,0.0,31,10
350581,2728,1528,100,0.0,153,10
350721,504,333,100,0.0,34,10
350702,775,437,100,0.0,44,10
350703,570,422,100,0.0,43,10
350725,349,151,100,0.0,16,10
350623,1429,1054,100,0.0,106,10
350524,2234,1619,100,0.0,162,10
350724,230,153,100,0.0,16,10
350628,1110,475,100,0.0,48,10
350627,754,510,100,0.0,51,10
350604,2061,1195,100,0.0,120,10
350781,854,639,100,0.0,64,10
350922,665,396,100,0.0,40,10
350803,843,269,100,0.0,27,10
350782,623,450,100,0.0,45,10
350825,807,559,100,0.0,56,10
350783,1134,771,100,0.0,78,10
350881,749,415,100,0.0,42,10
350602,1855,1535,100,0.0,154,10
350821,1048,310,100,0.0,31,10
350925,297,154,100,0.0,16,10
350824,676,456,100,0.0,46,10
350926,104,47,100,0.66,5,10
350924,361,166,100,0.0,17,10
350921,824,495,100,0.0,50,10
350923,306,212,100,0.0,22,10
350823,979,703,100,0.0,71,10
350902,1178,555,100,0.0,56,10
360112,591,172,100,0.0,18,10
360202,211,93,100,0.07,10,10
360222,173,118,100,0.0,12,10
360124,442,276,100,0.0,28,10
360123,257,181,100,0.0,19,10
360104,791,519,100,0.0,52,10
360313,389,152,100,0.0,16,10
360321,216,22,100,1.78,3,10
360203,674,205,100,0.0,21,10
360402,131,27,100,0.73,3,10
360323,171,90,100,0.1,9,10
350982,1032,469,100,0.0,47,10
360111,1175,814,100,0.0,82,10
350981,1246,824,100,0.0,83,10
360322,391,220,100,0.0,22,10
360281,929,521,100,0.0,53,10
360302,914,399,100,0.0,40,10
360425,457,317,100,0.0,32,10
360103,2194,1179,100,0.0,118,10
360426,313,177,100,0.0,18,10
360429,216,85,100,0.15,9,10
360482,229,46,100,1.32,5,10
360423,547,341,100,0.0,35,10
360428,278,179,100,0.0,18,10
350802,2129,1507,100,0.0,151,10
360121,2170,1227,100,0.0,123,10
360602,620,199,100,0.0,20,10
360481,727,275,100,0.0,28,10
360521,316,202,100,0.0,21,10
360483,447,113,100,0.0,12,10
360430,256,138,100,0.0,14,10
360702,763,357,100,0.0,36,10
360403,1160,688,100,0.0,69,10
360723,172,63,100,0.69,7,10
360703,414,192,100,0.0,20,10
360725,277,194,100,0.0,20,10
360603,482,205,100,0.0,21,10
360722,550,251,100,0.0,26,10
360729,163,71,100,0.37,8,10
360424,876,687,100,0.0,69,10
360681,549,273,100,0.0,28,10
360704,480,224,100,0.0,23,10
360502,673,323,100,0.0,33,10
360726,351,159,100,0.0,16,10
360728,292,219,100,0.0,22,10
360102,3317,1270,100,0.0,127,10
360733,238,127,100,0.0,13,10
360731,506,261,100,0.0,27,10
360724,348,216,100,0.0,22,10
360821,610,84,100,0.16,9,10
360803,306,86,100,0.19,9,10
360735,403,256,100,0.0,26,10
360781,416,287,100,0.0,29,10
360732,476,255,100,0.0,26,10
360783,410,225,100,0.0,23,10
350582,5981,3747,100,0.0,375,10
360823,199,82,100,0.18,9,10
360827,355,113,100,0.0,12,10
360730,547,380,100,0.0,38,10
360802,552,307,100,0.0,31,10
350583,5216,4250,100,0.0,425,10
360824,254,200,100,0.0,20,10
360825,255,95,100,0.05,10,10
360822,475,276,100,0.0,28,10
360881,154,59,100,0.68,6,10
360828,185,117,100,0.0,12,10
360925,172,54,100,1.01,6,10
360924,308,234,100,0.0,24,10
360921,292,124,100,0.0,13,10
360829,293,147,100,0.0,15,10
360734,493,335,100,0.0,34,10
360830,345,96,100,0.04,10,10
360923,464,273,100,0.0,28,10
360926,147,74,100,0.43,8,10
361023,228,25,100,1.87,3,10
361022,106,30,100,1.75,3,10
360826,457,372,100,0.0,38,10
360983,863,90,100,0.1,9,10
360922,406,306,100,0.0,31,10
360982,449,242,100,0.0,25,10
361028,117,36,100,1.31,4,10
361021,241,114,100,0.0,12,10
361025,242,123,100,0.0,13,10
361026,151,79,100,0.21,8,10
361030,281,112,100,0.0,12,10
361027,336,236,100,0.0,24,10
361024,398,204,100,0.0,21,10
361126,251,62,100,0.38,7,10
361123,461,118,100,0.0,12,10
361003,380,202,100,0.0,21,10
361125,263,76,100,0.24,8,10
361102,906,301,100,0.0,31,10
361124,353,116,100,0.0,12,10
361181,319,142,100,0.0,15,10
361129,225,117,100,0.0,12,10
361130,513,181,100,0.0,19,10
361127,485,222,100,0.0,23,10
360902,1280,796,100,0.0,80,10
361002,948,341,100,0.0,35,10
361103,425,148,100,0.0,15,10
361128,571,250,100,0.0,25,10
370113,514,239,100,0.0,24,10
370105,800,2,100,1.76,1,10
360981,1302,824,100,0.0,83,10
370104,609,305,100,0.0,31,10
370126,390,267,100,0.0,27,10
370202,1322,149,100,0.0,15,10
370124,338,170,100,0.0,17,10
370212,532,121,100,0.0,13,10
370115,501,389,100,0.0,39,10
370213,835,11,100,0.89,2,10
370214,1148,129,100,0.0,13,10
370112,966,717,100,0.0,72,10
370281,1906,20,100,0.8,2,10
370102,1226,528,100,0.0,53,10
370302,1025,155,100,0.0,16,10
370116,1598,413,100,0.0,42,10
370114,936,762,100,0.0,77,10
370304,584,78,100,0.22,8,10
370285,846,208,100,0.0,21,10
370203,2184,388,100,0.0,39,10
370303,883,344,100,0.0,35,10
370405,222,55,100,1.05,6,10
370322,276,133,100,0.0,14,10
370306,889,30,100,1.61,3,10
370403,439,208,100,0.0,21,10
370406,276,89,100,0.11,9,10
370404,214,151,100,0.0,16,10
370505,423,43,100,0.67,5,10
370522,387,19,100,0.9,2,10
370402,810,328,100,0.0,33,10
370523,577,192,100,0.0,20,10
370323,877,368,100,0.0,37,10
370305,1066,400,100,0.0,40,10
370321,847,349,100,0.0,35,10
370283,1313,308,100,0.0,31,10
370503,848,323,100,0.0,33,10
370613,554,25,100,0.89,3,10
370611,512,128,100,0.0,13,10
370211,2959,1019,100,0.0,102,10
370215,1978,512,100,0.0,52,10
370602,1332,255,100,0.0,26,10
370502,1932,319,100,0.0,32,10
370686,480,118,100,0.0,12,10
370685,855,38,100,0.62,4,10
370704,506,115,100,0.0,12,10
370614,688,405,100,0.0,41,10
370724,720,3,100,1.44,1,10
370703,617,53,100,0.47,6,10
370725,842,13,100,2.42,2,10
370705,974,1,100,2.93,1,10
370702,632,58,100,0.42,6,10
370782,1131,0,100,2.83,0,10
370687,579,140,100,0.0,14,10
370781,1563,13,100,2.59,2,10
370682,941,487,100,0.0,49,10
370612,612,286,100,0.0,29,10
370786,1249,2,100,2.86,1,10
370827,333,95,100,0.05,10,10
370826,551,181,100,0.0,19,10
370785,1009,231,100,0.0,24,10
370829,653,162,100,0.0,17,10
370481,1495,1280,100,0.0,128,10
370681,752,602,100,0.0,61,10
370831,328,116,100,0.0,12,10
370832,662,93,100,0.07,10,10
370812,695,185,100,0.0,19,10
370784,1073,346,100,0.0,35,10
370828,699,281,100,0.0,29,10
370783,1623,689,100,0.0,69,10
370921,632,194,100,0.0,20,10
370902,1073,92,100,0.08,10,10
370923,814,30,100,0.7,3,10
370881,415,199,100,0.0,20,10
370811,1748,267,100,0.0,27,10
370830,827,626,100,0.0,63,10
370911,582,207,100,0.0,21,10
370982,1051,130,100,0.0,13,10
370883,818,297,100,0.0,30,10
371103,440,56,100,0.44,6,10
371003,1100,166,100,0.0,17,10
370983,1105,291,100,0.0,30,10
371083,897,292,100,0.0,30,10
371121,520,151,100,0.0,16,10
371082,1255,348,100,0.0,35,10
371122,840,74,100,0.26,8,10
371312,1180,164,100,0.0,17,10
371102,798,292,100,0.0,30,10
371321,1258,201,100,0.0,21,10
371002,1623,576,100,0.0,58,10
371322,1032,383,100,0.0,39,10
371326,1180,189,100,0.0,19,10
371329,869,14,100,1.64,2,10
371327,1243,257,100,0.0,26,10
371311,1207,341,100,0.0,35,10
371325,1240,272,100,0.0,28,10
371323,1159,258,100,0.0,26,10
371403,360,7,100,0.93,1,10
371328,604,118,100,0.0,12,10
371422,151,43,100,1.21,5,10
371425,287,25,100,0.75,3,10
371402,754,49,100,1.01,5,10
371324,1498,227,100,0.0,23,10
370683,1552,1291,100,0.0,130,10
371423,264,109,100,0.0,11,10
371426,222,172,100,0.0,18,10
371481,197,84,100,0.16,9,10
371424,291,56,100,0.44,6,10
371482,326,11,100,1.01,2,10
371524,249,58,100,0.42,6,10
371427,299,148,100,0.0,15,10
371525,463,174,100,0.0,18,10
371302,3788,661,100,0.0,67,10
371521,600,273,100,0.0,28,10
371428,276,72,100,0.28,8,10
371603,408,28,100,1.68,3,10
371522,595,249,100,0.0,25,10
371581,436,237,100,0.0,24,10
371503,550,337,100,0.0,34,10
371526,395,266,100,0.0,27,10
371622,276,124,100,0.0,13,10
371625,426,128,100,0.0,13,10
371621,367,154,100,0.0,16,10
371502,1242,460,100,0.0,46,10
371623,400,182,100,0.0,19,10
371723,408,85,100,0.15,9,10
371728,557,148,100,0.0,15,10
371681,676,115,100,0.0,12,10
371726,693,191,100,0.0,20,10
371725,877,204,100,0.0,21,10
371703,561,204,100,0.0,21,10
410106,231,42,100,0.94,5,10
371602,899,401,100,0.0,41,10
410108,426,146,100,0.0,15,10
371722,952,570,100,0.0,57,10
410102,1088,160,100,0.0,16,10
371724,735,559,100,0.0,56,10
371721,1128,549,100,0.0,55,10
371702,2419,724,100,0.0,73,10
410203,306,56,100,0.44,6,10
410181,1509,250,100,0.0,25,10
410204,383,74,100,0.26,8,10
410205,390,7,100,0.97,1,10
410202,334,127,100,0.0,13,10
410185,1256,62,100,0.38,7,10
410222,785,121,100,0.0,13,10
410182,1214,362,100,0.0,37,10
410122,1483,336,100,0.0,34,10
410212,841,185,100,0.0,19,10
410302,283,204,100,0.0,21,10
410103,2017,456,100,0.0,46,10
410304,256,83,100,0.17,9,10
410303,579,119,100,0.0,12,10
410323,307,78,100,0.22,8,10
410104,1578,488,100,0.0,49,10
410183,1816,383,100,0.0,39,10
410308,534,87,100,0.13,9,10
410223,1300,278,100,0.0,28,10
410311,669,128,100,0.0,13,10
410324,428,128,100,0.0,13,10
410105,2162,505,100,0.0,51,10
410307,548,259,100,0.0,26,10
410225,982,371,100,0.0,38,10
410404,71,14,71,1.11,2,8
410221,1262,741,100,0.0,75,10
410325,519,381,100,0.0,39,10
410328,352,193,100,0.0,20,10
410326,521,230,100,0.0,23,10
410184,1810,498,100,0.0,50,10
410305,1425,378,100,0.0,38,10
410481,576,64,100,0.36,7,10
410327,417,180,100,0.0,18,10
410329,710,222,100,0.0,23,10
410403,422,124,100,0.0,13,10
410421,464,229,100,0.0,23,10
410411,433,182,100,0.0,19,10
410402,466,86,100,0.14,9,10
410602,95,3,95,1.75,1,10
410425,691,234,100,0.0,24,10
410506,360,66,100,0.34,7,10
410422,679,363,100,0.0,37,10
410423,949,481,100,0.0,49,10
410621,349,60,100,0.4,6,10
410503,588,166,100,0.0,17,10
410505,564,346,100,0.0,35,10
410603,413,74,100,0.26,8,10
410622,306,66,100,0.34,7,10
410611,613,169,100,0.0,17,10
410502,1316,204,100,0.0,21,10
410704,224,58,100,0.42,6,10
410703,495,59,100,0.41,6,10
410523,1264,378,100,0.0,38,10
410482,1235,669,100,0.0,67,10
410711,687,55,100,0.45,6,10
410702,766,174,100,0.0,18,10
410581,1493,452,100,0.0,46,10
410725,698,178,100,0.0,18,10
410724,522,344,100,0.0,35,10
410527,1309,546,100,0.0,55,10
410726,890,182,100,0.0,19,10
410781,570,240,100,0.0,24,10
410721,1390,183,100,0.0,19,10
410803,395,149,100,0.0,15,10
410804,458,209,100,0.0,21,10
410727,653,311,100,0.0,32,10
410783,735,165,100,0.0,17,10
410802,797,113,100,0.0,12,10
410822,643,228,100,0.0,23,10
410526,2560,756,100,0.0,76,10
410522,3351,552,100,0.0,56,10
410782,1041,531,100,0.0,54,10
410927,555,78,100,0.22,8,10
410922,840,321,100,0.0,33,10
410821,808,267,100,0.0,27,10
410825,741,360,100,0.0,36,10
411003,145,106,100,0.0,11,10
411024,486,150,100,0.0,15,10
410811,1127,317,100,0.0,32,10
410926,1041,271,100,0.0,28,10
411102,420,6,100,1.7,1,10
410883,1079,409,100,0.0,41,10
410923,821,339,100,0.0,34,10
411082,759,79,100,0.21,8,10
410902,1290,531,100,0.0,54,10
411002,1484,363,100,0.0,37,10
410823,1257,630,100,0.0,63,10
411103,324,44,100,0.62,5,10
411025,801,208,100,0.0,21,10
411121,397,37,100,1.0,4,10
411122,664,6,100,1.79,1,10
411104,331,167,100,0.0,17,10
411203,275,187,100,0.0,19,10
411202,947,139,100,0.0,14,10
411281,442,104,100,0.0,11,10
411224,543,204,100,0.0,21,10
411221,853,238,100,0.0,24,10
410882,1083,821,100,0.0,83,10
411282,887,162,100,0.0,17,10
411081,1573,473,100,0.0,48,10
411323,841,52,100,0.48,6,10
411322,1209,395,100,0.0,40,10
411321,633,268,100,0.0,27,10
411324,1548,105,100,0.0,11,10
410928,2008,690,100,0.0,69,10
411330,808,220,100,0.0,22,10
411327,992,347,100,0.0,35,10
411325,1408,333,100,0.0,34,10
411326,1235,488,100,0.0,49,10
411329,1123,417,100,0.0,42,10
411423,850,298,100,0.0,30,10
411328,1173,476,100,0.0,48,10
411424,1323,332,100,0.0,34,10
411421,1063,362,100,0.0,37,10
411302,1745,792,100,0.0,80,10
411381,1944,629,100,0.0,63,10
411403,1074,466,100,0.0,47,10
411402,1278,645,100,0.0,65,10
411422,1183,595,100,0.0,60,10
411523,374,160,100,0.0,16,10
411521,651,143,100,0.0,15,10
411502,823,303,100,0.0,31,10
411425,1209,640,100,0.0,64,10
411522,736,248,100,0.0,25,10
411481,1524,761,100,0.0,77,10
411528,666,191,100,0.0,20,10
411503,910,375,100,0.0,38,10
411524,637,171,100,0.0,18,10
411303,1715,571,100,0.0,58,10
411526,648,131,100,0.0,14,10
411426,1455,483,100,0.0,49,10
411527,637,245,100,0.0,25,10
411622,732,179,100,0.0,18,10
411603,1089,361,100,0.0,37,10
411602,1299,365,100,0.0,37,10
411625,832,516,100,0.0,52,10
411681,619,213,100,0.0,22,10
411624,880,353,100,0.0,36,10
411627,1427,419,100,0.0,42,10
411621,862,372,100,0.0,38,10
411623,1089,752,100,0.0,76,10
411724,1155,390,100,0.0,39,10
411628,832,508,100,0.0,51,10
411721,1339,796,100,0.0,80,10
419001,1484,157,100,0.0,16,10
411723,1381,834,100,0.0,84,10
411729,1103,366,100,0.0,37,10
411726,1764,329,100,0.0,33,10
411525,1677,882,100,0.0,89,10
411725,1210,436,100,0.0,44,10
411728,933,454,100,0.0,46,10
420113,256,57,100,1.15,6,10
420107,1068,56,100,0.44,6,10
420102,3050,216,100,0.0,22,10
420112,1192,64,100,0.36,7,10
420202,453,9,100,1.96,1,10
411727,1501,775,100,0.0,78,10
420114,665,95,100,0.05,10,10
420105,2147,151,100,0.0,16,10
420104,2183,321,100,0.0,33,10
420115,969,109,100,0.0,11,10
420204,401,12,100,2.49,2,10
420203,283,86,100,0.14,9,10
411722,1979,1280,100,0.0,128,10
411702,1740,1144,100,0.0,115,10
420205,83,14,83,2.04,2,9
420111,2039,352,100,0.0,36,10
420103,2970,343,100,0.0,35,10
420322,423,70,100,0.3,7,10
420325,458,31,100,0.69,4,10
420222,804,33,100,0.88,4,10
420106,2413,217,100,0.0,22,10
420504,82,29,82,1.98,3,9
420323,429,64,100,0.68,7,10
420117,802,367,100,0.0,37,10
420304,372,124,100,0.0,13,10
420505,107,25,100,2.03,3,10
420324,240,100,100,0.0,10,10
420503,364,106,100,0.0,11,10
420525,220,35,100,0.88,4,10
420526,212,38,100,1.03,4,10
420281,1043,245,100,0.0,25,10
420116,1824,542,100,0.0,55,10
420506,360,156,100,0.0,16,10
420502,563,248,100,0.0,25,10
420529,210,38,100,1.41,4,10
420583,493,82,100,0.27,9,10
420381,513,326,100,0.0,33,10
420527,403,116,100,0.0,12,10
420528,225,110,100,0.0,11,10
420582,716,173,100,0.0,18,10
420581,330,121,100,0.0,13,10
420626,263,73,100,0.38,8,10
420682,389,76,100,0.24,8,10
420602,939,138,100,0.0,14,10
420303,1185,409,100,0.0,41,10
420624,557,174,100,0.0,18,10
420606,1066,197,100,0.0,20,10
420702,132,31,100,2.13,4,10
420625,661,102,100,0.0,11,10
420802,690,5,100,2.05,1,10
420804,427,0,100,1.53,0,10
420607,861,243,100,0.0,25,10
420703,265,66,100,0.79,7,10
420684,609,168,100,0.0,17,10
420302,2380,436,100,0.0,44,10
420822,381,139,100,0.0,14,10
420881,808,105,100,0.0,11,10
420921,351,53,100,0.47,6,10
420882,628,140,100,0.0,14,10
420923,401,119,100,0.0,12,10
420984,1369,7,100,0.93,1,10
420981,518,135,100,0.0,14,10
421024,237,51,100,0.74,6,10
420922,579,152,100,0.0,16,10
421081,407,83,100,0.17,9,10
420704,977,326,100,0.0,33,10
420683,1084,309,100,0.0,31,10
420982,456,140,100,0.0,14,10
421102,364,25,100,0.75,3,10
421003,932,219,100,0.0,22,10
420902,745,245,100,0.0,25,10
421022,692,194,100,0.0,20,10
421083,572,120,100,0.0,12,10
421124,273,101,100,0.0,11,10
421121,250,145,100,0.0,15,10
421123,287,77,100,0.23,8,10
421122,461,204,100,0.0,21,10
421125,533,182,100,0.0,19,10
421088,572,247,100,0.0,25,10
421126,663,129,100,0.0,13,10
421087,510,178,100,0.0,18,10
421002,3184,439,100,0.0,44,10
421182,688,299,100,0.0,30,10
421222,597,65,100,0.63,7,10
421221,323,104,100,0.0,11,10
421127,736,320,100,0.0,32,10
421181,866,335,100,0.0,34,10
421281,541,184,100,0.0,19,10
421224,501,145,100,0.0,15,10
422825,281,69,100,0.31,7,10
422822,457,111,100,0.0,12,10
421223,609,250,100,0.0,25,10
421381,639,210,100,0.0,21,10
421202,930,340,100,0.0,34,10
422802,975,175,100,0.0,18,10
422828,168,37,100,1.7,4,10
422827,370,107,100,0.0,11,10
422826,348,143,100,0.0,15,10
429005,1048,2,100,1.52,1,10
421321,733,290,100,0.0,29,10
429021,126,42,100,1.37,5,10
421303,1108,411,100,0.0,42,10
422823,524,271,100,0.0,28,10
422801,1195,399,100,0.0,40,10
430103,1678,108,100,0.0,11,10
429006,896,297,100,0.0,30,10
430104,1218,164,100,0.0,17,10
429004,1407,270,100,0.0,27,10
430112,596,278,100,0.0,28,10
430202,1010,135,100,0.0,14,10
430211,729,106,100,0.0,11,10
430225,186,124,100,0.0,13,10
430224,797,85,100,0.15,9,10
430223,714,157,100,0.0,16,10
430181,2291,230,100,0.0,23,10
430204,540,271,100,0.0,28,10
430121,1491,680,100,0.0,68,10
430281,958,234,100,0.0,24,10
430406,314,5,100,1.71,1,10
430105,1503,700,100,0.0,70,10
430382,134,119,100,0.0,12,10
430412,89,12,89,1.55,2,9
430182,1386,631,100,0.0,64,10
430405,499,183,100,0.0,19,10
430407,379,221,100,0.0,23,10
430423,333,34,100,0.76,4,10
430203,1053,818,100,0.0,82,10
430304,891,407,100,0.0,41,10
430302,962,482,100,0.0,49,10
430381,793,478,100,0.0,48,10
430111,2240,811,100,0.0,82,10
430102,1828,1170,100,0.0,117,10
430421,678,446,100,0.0,45,10
430321,870,649,100,0.0,65,10
430424,620,330,100,0.0,33,10
430511,186,120,100,0.0,12,10
430408,692,543,100,0.0,55,10
430422,671,463,100,0.0,47,10
430527,333,13,100,1.34,2,10
430426,742,301,100,0.0,31,10
430581,661,5,100,1.04,1,10
430502,630,432,100,0.0,44,10
430529,275,116,100,0.0,12,10
430522,701,292,100,0.0,30,10
430503,679,583,100,0.0,59,10
430482,779,553,100,0.0,56,10
430524,983,247,100,0.0,25,10
430603,398,129,100,0.0,13,10
430523,699,551,100,0.0,56,10
430525,574,393,100,0.0,40,10
430611,229,94,100,0.06,10,10
430621,848,101,100,0.0,11,10
430681,714,93,100,0.07,10,10
430481,1219,575,100,0.0,58,10
430528,604,294,100,0.0,30,10
430623,655,346,100,0.0,35,10
430703,912,57,100,0.43,6,10
430602,1118,404,100,0.0,41,10
430811,53,16,53,0.83,2,6
430722,610,166,100,0.0,17,10
430626,1225,259,100,0.0,26,10
430724,306,125,100,0.0,13,10
430682,603,403,100,0.0,41,10
430721,460,289,100,0.0,29,10
430723,644,225,100,0.0,23,10
430582,1208,642,100,0.0,65,10
430624,1039,347,100,0.0,35,10
430821,622,285,100,0.0,29,10
430802,1053,446,100,0.0,45,10
430822,512,295,100,0.0,30,10
431002,854,69,100,0.34,7,10
430981,659,184,100,0.0,19,10
430725,848,434,100,0.0,44,10
430903,1618,227,100,0.0,23,10
430726,607,402,100,0.0,41,10
430921,814,316,100,0.0,32,10
431022,419,1,100,1.83,1,10
431024,245,0,100,2.45,0,10
431026,311,7,100,3.02,1,10
430781,2418,282,100,0.0,29,10
430922,1250,390,100,0.0,39,10
431027,155,41,100,0.59,5,10
430902,838,674,100,0.0,68,10
431028,305,19,100,0.81,2,10
430702,1338,935,100,0.0,94,10
431023,620,153,100,0.0,16,10
431081,557,59,100,0.41,6,10
431025,353,255,100,0.0,26,10
431123,224,70,100,0.3,7,10
430923,969,672,100,0.0,68,10
431003,743,320,100,0.0,32,10
431122,749,209,100,0.0,21,10
431021,826,313,100,0.0,32,10
431102,994,280,100,0.0,28,10
431125,771,211,100,0.0,22,10
431221,241,114,100,0.0,12,10
431128,741,91,100,0.09,10,10
431226,211,63,100,0.5,7,10
431225,334,207,100,0.0,21,10
431223,368,249,100,0.0,25,10
431227,426,98,100,0.02,10,10
431202,1175,197,100,0.0,20,10
431222,604,343,100,0.0,35,10
431127,1003,341,100,0.0,35,10
431181,1246,267,100,0.0,27,10
431228,425,324,100,0.0,33,10
431230,293,227,100,0.0,23,10
431126,1678,453,100,0.0,46,10
431103,1323,964,100,0.0,97,10
431229,513,295,100,0.0,30,10
431224,691,395,100,0.0,40,10
433122,224,7,100,1.89,1,10
433123,419,5,100,2.27,1,10
433124,401,40,100,0.85,4,10
431281,646,324,100,0.0,33,10
433126,185,50,100,0.66,5,10
431124,1611,847,100,0.0,85,10
433125,218,43,100,0.57,5,10
431321,878,143,100,0.0,15,10
431381,560,208,100,0.0,21,10
433130,550,83,100,0.17,9,10
433101,708,206,100,0.0,21,10
431322,1360,526,100,0.0,53,10
431382,1126,220,100,0.0,22,10
431302,954,298,100,0.0,30,10
433127,588,238,100,0.0,24,10
440203,442,77,100,0.23,8,10
440205,445,45,100,0.55,5,10
440222,208,26,100,0.89,3,10
440106,3077,88,100,0.12,9,10
440105,2732,267,100,0.0,27,10
440103,2608,182,100,0.0,19,10
440117,1619,227,100,0.0,23,10
440204,455,157,100,0.0,16,10
440224,376,188,100,0.0,19,10
440232,209,56,100,0.44,6,10
440112,1211,324,100,0.0,33,10
440233,190,55,100,0.45,6,10
440115,1299,309,100,0.0,31,10
440309,3,0,3,4.0,0,1
440229,402,265,100,0.0,27,10
440281,393,173,100,0.0,18,10
440118,2212,353,100,0.0,36,10
440282,269,152,100,0.0,16,10
440104,2754,569,100,0.0,57,10
440308,300,41,100,1.37,5,10
440113,4308,480,100,0.0,48,10
440114,2680,214,100,0.0,22,10
440111,4619,346,100,0.0,35,10
440512,282,20,100,0.8,2,10
440402,457,101,100,0.0,11,10
440303,3329,245,100,0.0,25,10
440523,134,46,100,0.54,5,10
440305,3510,214,100,0.0,22,10
440404,805,205,100,0.0,21,10
440307,2601,123,100,0.0,13,10
440515,1740,43,100,0.57,5,10
440511,1784,170,100,0.0,17,10
440704,529,181,100,0.0,19,10
440403,1677,625,100,0.0,63,10
440605,2948,246,100,0.0,25,10
440705,1499,445,100,0.0,45,10
440784,927,190,100,0.0,19,10
440513,1760,351,100,0.0,36,10
440607,2408,287,100,0.0,29,10
440781,1636,302,100,0.0,31,10
440811,303,27,100,0.73,3,10
440608,1271,640,100,0.0,64,10
440703,1357,540,100,0.0,54,10
440802,522,72,100,0.28,8,10
440306,8232,603,100,0.0,61,10
440304,3901,1221,100,0.0,123,10
440785,716,554,100,0.0,56,10
440514,1913,1051,100,0.0,106,10
440803,930,223,100,0.0,23,10
440804,429,252,100,0.0,26,10
440507,1686,1260,100,0.0,126,10
440823,823,250,100,0.0,25,10
440604,4532,766,100,0.0,77,10
440783,1851,1232,100,0.0,124,10
441203,255,97,100,0.03,10,10
441223,458,41,100,0.59,5,10
440983,793,121,100,0.0,13,10
440981,704,273,100,0.0,28,10
441202,1011,378,100,0.0,38,10
440883,832,343,100,0.0,35,10
441204,613,135,100,0.0,14,10
440982,955,371,100,0.0,38,10
440881,1156,602,100,0.0,61,10
440882,1417,398,100,0.0,40,10
440904,1467,249,100,0.0,25,10
440902,1163,350,100,0.0,35,10
441225,433,146,100,0.0,15,10
441284,858,77,100,0.23,8,10
441422,224,119,100,0.0,12,10
441224,694,325,100,0.0,33,10
441226,515,191,100,0.0,20,10
441426,168,72,100,0.28,8,10
441427,266,69,100,0.31,7,10
441403,563,172,100,0.0,18,10
441423,330,112,100,0.0,12,10
441324,470,56,100,0.44,6,10
441424,895,203,100,0.0,21,10
440825,992,687,100,0.0,69,10
441303,1062,129,100,0.0,13,10
441402,674,235,100,0.0,24,10
441623,339,53,100,0.47,6,10
441302,2399,167,100,0.0,17,10
441625,494,60,100,0.4,6,10
441624,217,164,100,0.0,17,10
441523,207,15,100,0.89,2,10
441621,613,206,100,0.0,21,10
441602,999,105,100,0.0,11,10
441323,1676,79,100,0.21,8,10
441622,455,155,100,0.0,16,10
441704,628,96,100,0.04,10,10
441481,730,428,100,0.0,43,10
441823,250,36,100,0.64,4,10
441803,499,23,100,1.42,3,10
441721,744,259,100,0.0,26,10
441322,1979,390,100,0.0,39,10
441702,1315,162,100,0.0,17,10
441826,125,36,100,0.64,4,10
441581,734,186,100,0.0,19,10
441825,111,55,100,0.5,6,10
441821,356,129,100,0.0,13,10
441781,778,371,100,0.0,38,10
441882,391,63,100,0.37,7,10
441881,716,139,100,0.0,14,10
445102,424,86,100,0.14,9,10
445222,458,141,100,0.0,15,10
445122,460,145,100,0.0,15,10
445202,1047,110,100,0.0,11,10
445302,924,107,100,0.0,11,10
441521,1285,636,100,0.0,64,10
445322,361,55,100,0.45,6,10
445303,229,205,100,0.0,21,10
445224,795,246,100,0.0,25,10
445203,825,513,100,0.0,52,10
445321,458,340,100,0.0,34,10
441502,4544,857,100,0.0,86,10
450102,1137,246,100,0.0,25,10
445281,2809,333,100,0.0,34,10
450109,368,193,100,0.0,20,10
441802,1586,1197,100,0.0,120,10
450123,286,27,100,1.01,3,10
445381,735,605,100,0.0,61,10
450108,799,255,100,0.0,26,10
450124,443,195,100,0.0,20,10
450107,1742,336,100,0.0,34,10
450105,1308,534,100,0.0,54,10
450125,486,148,100,0.0,15,10
445103,1407,1038,100,0.0,104,10
450110,1234,318,100,0.0,32,10
450126,1090,353,100,0.0,36,10
450202,1310,182,100,0.0,19,10
450224,515,256,100,0.0,26,10
450225,541,108,100,0.0,11,10
450222,939,262,100,0.0,27,10
450302,448,11,100,2.35,2,10
450205,1108,440,100,0.0,44,10
450204,1923,446,100,0.0,45,10
450203,2165,298,100,0.0,30,10
450311,91,14,91,2.77,2,10
450305,789,24,100,1.65,3,10
450226,535,237,100,0.0,24,10
450103,1928,1074,100,0.0,108,10
450223,1447,405,100,0.0,41,10
450312,724,44,100,0.56,5,10
450303,672,286,100,0.0,29,10
450323,358,111,100,0.0,12,10
450304,1205,284,100,0.0,29,10
450327,351,74,100,0.26,8,10
450325,724,134,100,0.0,14,10
450329,273,40,100,0.6,4,10
450321,568,289,100,0.0,29,10
450206,1494,780,100,0.0,78,10
450326,302,135,100,0.0,14,10
440606,9442,3650,100,0.0,365,10
450328,278,110,100,0.0,11,10
450330,468,103,100,0.0,11,10
450381,599,93,100,0.07,10,10
450332,507,147,100,0.0,15,10
450406,323,153,100,0.0,16,10
450423,259,144,100,0.0,15,10
450324,681,386,100,0.0,39,10
450421,292,180,100,0.0,18,10
450405,388,198,100,0.0,20,10
450503,399,111,100,0.0,12,10
450403,670,276,100,0.0,28,10
450512,222,100,100,0.0,10,10
450481,874,235,100,0.0,24,10
450602,399,158,100,0.0,16,10
450422,668,246,100,0.0,25,10
450621,460,11,100,0.89,2,10
450603,436,105,100,0.0,11,10
450681,585,218,100,0.0,22,10
450502,1011,436,100,0.0,44,10
450804,340,71,100,0.29,8,10
450803,589,194,100,0.0,20,10
450703,794,343,100,0.0,35,10
450702,863,359,100,0.0,36,10
450821,1153,115,100,0.0,12,10
450521,1295,365,100,0.0,37,10
450903,278,119,100,0.0,12,10
450921,726,91,100,0.09,10,10
450924,362,53,100,0.47,6,10
450922,1112,189,100,0.0,19,10
450802,1161,554,100,0.0,56,10
450722,892,509,100,0.0,51,10
451003,542,199,100,0.0,20,10
450902,1753,451,100,0.0,46,10
450721,1713,505,100,0.0,51,10
451024,394,114,100,0.0,12,10
450881,1322,779,100,0.0,78,10
451026,292,135,100,0.0,14,10
451027,243,107,100,0.0,11,10
451103,28,24,28,0.04,3,3
450923,1156,363,100,0.0,37,10
451031,389,126,100,0.0,13,10
450981,1071,570,100,0.0,57,10
451082,493,151,100,0.0,16,10
451022,1031,427,100,0.0,43,10
451029,578,302,100,0.0,31,10
451030,565,305,100,0.0,31,10
451123,608,114,100,0.0,12,10
451081,881,216,100,0.0,22,10
451121,596,257,100,0.0,26,10
451202,532,216,100,0.0,22,10
451028,739,479,100,0.0,48,10
451002,991,514,100,0.0,52,10
451223,173,61,100,0.93,7,10
451226,215,20,100,1.39,2,10
451122,835,399,100,0.0,40,10
451224,350,149,100,0.0,15,10
451222,470,199,100,0.0,20,10
451225,365,132,100,0.0,14,10
451221,542,233,100,0.0,24,10
451203,756,280,100,0.0,28,10
451228,384,113,100,0.0,12,10
451322,596,86,100,0.14,9,10
451227,528,187,100,0.0,19,10
451229,278,173,100,0.0,18,10
451321,395,213,100,0.0,22,10
451381,250,71,100,0.55,8,10
451324,327,119,100,0.0,12,10
451423,386,105,100,0.0,11,10
451422,481,182,100,0.0,19,10
451402,509,190,100,0.0,19,10
460105,214,158,100,0.0,16,10
469001,87,2,87,1.17,1,9
460106,1248,19,100,2.48,2,10
451102,2100,1126,100,0.0,113,10
451424,446,146,100,0.0,15,10
460107,631,192,100,0.0,20,10
451481,371,127,100,0.0,13,10
460108,754,7,100,2.17,1,10
451302,1004,399,100,0.0,40,10
451425,375,193,100,0.0,20,10
451421,573,365,100,0.0,37,10
451323,777,470,100,0.0,47,10
469021,130,5,100,2.51,1,10
469005,490,19,100,1.36,2,10
469024,229,14,100,1.29,2,10
469025,95,43,95,0.79,5,10
469029,61,37,61,0.36,4,7
469027,88,0,88,2.84,0,9
469023,440,91,100,0.09,10,10
469026,261,27,100,1.47,3,10
469030,181,50,100,0.75,5,10
469002,427,295,100,0.0,30,10
469028,376,107,100,0.0,11,10
469006,360,230,100,0.0,23,10
469007,378,148,100,0.0,15,10
469022,320,122,100,0.0,13,10
500104,530,244,100,0.0,25,10
500114,512,122,100,0.0,13,10
500102,1298,691,100,0.0,70,10
500109,1594,620,100,0.0,62,10
500111,1159,488,100,0.0,49,10
500117,1419,122,100,0.0,13,10
500107,2921,443,100,0.0,45,10
500110,1319,786,100,0.0,79,10
500115,1048,564,100,0.0,57,10
500113,1909,836,100,0.0,84,10
500152,760,89,100,0.11,9,10
500151,873,21,100,0.79,3,10
500101,2287,1159,100,0.0,116,10
500153,791,100,100,0.0,10,10
500119,775,434,100,0.0,44,10
500106,3645,862,100,0.0,87,10
500108,2416,1150,100,0.0,115,10
500156,379,65,100,0.35,7,10
500229,258,109,100,0.0,11,10
500154,713,407,100,0.0,41,10
500238,276,3,100,0.97,1,10
500118,1449,608,100,0.0,61,10
500237,551,110,100,0.0,11,10
500155,729,438,100,0.0,44,10
500230,596,355,100,0.0,36,10
500120,1177,699,100,0.0,70,10
500242,555,5,100,1.53,1,10
500116,2084,1111,100,0.0,112,10
500241,413,229,100,0.0,23,10
500233,527,381,100,0.0,39,10
500243,489,26,100,0.74,3,10
500231,801,608,100,0.0,61,10
500240,615,378,100,0.0,38,10
500236,621,462,100,0.0,47,10
510108,357,52,100,0.48,6,10
510105,1855,23,100,1.51,3,10
500235,955,660,100,0.0,66,10
510117,302,37,100,0.53,4,10
510113,1348,13,100,0.09,2,10
510104,1674,15,100,0.19,2,10
510115,701,134,100,0.0,14,10
510118,519,26,100,1.19,3,10
510131,262,24,100,1.03,3,10
510112,1952,275,100,0.0,28,10
510129,626,1,100,2.17,1,10
500103,3988,2021,100,0.0,203,10
510304,361,89,100,0.11,9,10
510303,290,10,100,0.9,1,10
510184,1147,114,100,0.0,12,10
510181,1515,347,100,0.0,35,10
441900,14289,5126,100,0.0,513,10
510311,183,44,100,0.56,5,10
510121,999,379,100,0.0,38,10
510183,1291,312,100,0.0,32,10
510107,2509,1034,100,0.0,104,10
510322,637,159,100,0.0,16,10
510321,607,350,100,0.0,35,10
510182,1474,737,100,0.0,74,10
510114,1968,1033,100,0.0,104,10
510421,388,82,100,0.18,9,10
442000,12154,7879,100,0.0,788,10
510185,1005,648,100,0.0,65,10
510422,440,22,100,0.78,3,10
510411,624,180,100,0.0,18,10
510403,496,310,100,0.0,31,10
510522,393,68,100,0.32,7,10
510302,919,684,100,0.0,69,10
510503,465,205,100,0.0,21,10
510402,990,659,100,0.0,66,10
510603,1204,9,100,1.82,1,10
510683,589,3,100,1.26,1,10
510604,311,262,100,0.0,27,10
510116,2838,937,100,0.0,94,10
510504,744,91,100,0.09,10,10
510623,817,52,100,0.48,6,10
510681,860,15,100,0.85,2,10
510682,625,31,100,0.69,4,10
510723,301,57,100,0.43,6,10
510705,153,92,100,0.08,10,10
510722,803,23,100,0.77,3,10
510811,178,11,100,0.9,2,10
510727,190,118,100,0.0,12,10
510726,161,110,100,0.0,11,10
510812,174,36,100,1.15,4,10
510524,828,313,100,0.0,32,10
510106,3881,1609,100,0.0,161,10
510521,842,579,100,0.0,58,10
510725,400,304,100,0.0,31,10
510821,246,165,100,0.0,17,10
510822,316,127,100,0.0,13,10
510525,642,481,100,0.0,49,10
510823,356,156,100,0.0,16,10
510824,344,200,100,0.0,20,10
510904,277,129,100,0.0,13,10
510704,649,427,100,0.0,43,10
510923,387,35,100,0.65,4,10
510921,287,85,100,0.15,9,10
510903,956,153,100,0.0,16,10
510703,1292,504,100,0.0,51,10
511113,43,1,43,1.07,1,5
511112,213,101,100,0.0,11,10
511111,219,115,100,0.0,12,10
510802,1212,500,100,0.0,50,10
511024,521,115,100,0.0,12,10
511129,147,25,100,1.09,3,10
511123,363,124,100,0.0,13,10
510781,998,603,100,0.0,61,10
511126,363,98,100,0.02,10,10
511132,126,45,100,0.66,5,10
511124,236,102,100,0.0,11,10
511133,112,53,100,0.56,6,10
511102,858,127,100,0.0,13,10
511083,545,275,100,0.0,28,10
510981,749,489,100,0.0,49,10
511011,656,389,100,0.0,39,10
511304,377,30,100,0.77,3,10
511322,352,84,100,0.16,9,10
511381,449,21,100,0.79,3,10
511325,349,16,100,0.37,2,10
511181,444,144,100,0.0,15,10
511025,813,566,100,0.0,57,10
510502,1560,1312,100,0.0,132,10
511324,374,165,100,0.0,17,10
511403,407,49,100,0.51,5,10
511402,983,56,100,0.44,6,10
511321,692,194,100,0.0,20,10
511424,274,12,100,1.37,2,10
511303,443,123,100,0.0,13,10
511425,219,30,100,1.02,3,10
511302,1088,281,100,0.0,29,10
511323,368,144,100,0.0,15,10
511423,672,188,100,0.0,19,10
511526,508,9,100,0.56,1,10
511529,451,5,100,1.5,1,10
511524,514,60,100,0.4,6,10
511503,392,72,100,0.28,8,10
511421,804,333,100,0.0,34,10
511528,469,20,100,0.85,2,10
511622,382,11,100,0.89,2,10
511523,559,325,100,0.0,33,10
511527,464,92,100,0.08,10,10
511603,135,53,100,0.95,6,10
511621,555,80,100,0.2,8,10
511681,232,45,100,0.55,5,10
511502,1158,331,100,0.0,34,10
511525,799,411,100,0.0,42,10
511623,596,82,100,0.18,9,10
511802,436,103,100,0.0,11,10
511602,552,376,100,0.0,38,10
511723,284,151,100,0.0,16,10
511724,598,97,100,0.03,10,10
511803,240,86,100,0.14,9,10
511822,247,59,100,0.41,6,10
511825,221,30,100,0.7,3,10
511781,222,106,100,0.0,11,10
511722,494,146,100,0.0,15,10
511725,405,48,100,0.52,5,10
511703,531,364,100,0.0,37,10
511827,80,12,80,1.05,2,8
511824,201,117,100,0.0,12,10
513201,62,12,62,2.02,2,7
511826,209,23,100,0.77,3,10
513221,87,8,87,2.46,1,9
511922,261,12,100,2.29,2,10
511823,267,188,100,0.0,19,10
511921,369,95,100,0.05,10,10
511923,404,8,100,0.92,1,10
511702,731,493,100,0.0,50,10
513226,25,4,25,2.4,1,3
512022,439,102,100,0.0,11,10
513225,58,4,58,1.36,1,6
513222,84,3,84,0.57,1,9
513228,31,4,31,2.0,1,4
513227,45,4,45,1.98,1,5
513224,61,18,61,1.59,2,7
513233,52,8,52,1.38,1,6
513223,118,10,100,0.7,1,10
513232,32,11,32,1.06,2,4
513230,45,2,45,2.2,1,5
513324,25,9,25,0.68,1,3
511903,201,105,100,0.0,11,10
513325,30,9,30,0.97,1,3
513323,29,9,29,1.03,1,3
511902,909,40,100,0.6,4,10
513322,59,5,59,2.1,1,6
513330,26,0,26,2.35,0,3
513327,29,4,29,1.69,1,3
513329,18,1,18,1.11,1,2
513326,44,3,44,1.64,1,5
513301,130,8,100,1.48,1,10
513338,3,1,3,2.33,1,1
513336,17,1,17,1.47,1,2
513337,20,7,20,0.55,1,2
513335,28,1,28,2.71,1,3
513332,32,1,32,1.97,1,4
513231,76,8,76,1.57,1,8
513333,31,1,31,2.58,1,4
513331,36,5,36,1.61,1,4
513334,49,16,49,0.78,2,5
512002,854,347,100,0.0,35,10
513422,61,17,61,1.1,2,7
513328,139,4,100,2.13,1,10
370103,137699,11884,100,0.0,1189,10
513423,224,2,100,2.38,1,10
513424,270,4,100,1.67,1,10
513428,80,2,80,1.88,1,8
513429,187,5,100,2.06,1,10
513427,167,40,100,0.6,4,10
513432,89,7,89,1.7,1,9
513431,417,7,100,1.44,1,10
513426,292,37,100,0.66,4,10
512021,746,544,100,0.0,55,10
513402,382,17,100,1.12,2,10
513430,106,3,100,1.49,1,10
513435,223,0,100,1.86,0,10
513434,281,27,100,0.75,3,10
513436,133,25,100,0.9,3,10
513433,340,7,100,1.58,1,10
513437,242,38,100,0.62,4,10
520112,140,54,100,0.6,6,10
513401,766,185,100,0.0,19,10
520113,733,137,100,0.0,14,10
520121,304,174,100,0.0,18,10
520281,151,102,100,0.0,11,10
520122,299,153,100,0.0,16,10
520201,1458,46,100,1.44,5,10
520324,363,51,100,0.49,6,10
520123,533,255,100,0.0,26,10
520115,775,538,100,0.0,54,10
520325,118,34,100,1.42,4,10
520326,188,50,100,0.73,5,10
520327,55,27,55,0.44,3,6
520303,884,55,100,0.52,6,10
520323,522,170,100,0.0,17,10
520204,586,308,100,0.0,31,10
520322,480,117,100,0.0,12,10
520203,716,347,100,0.0,35,10
520329,222,25,100,1.48,3,10
520328,526,63,100,0.64,7,10
520181,765,531,100,0.0,54,10
520330,495,107,100,0.0,11,10
520381,364,80,100,0.2,8,10
520424,212,109,100,0.0,11,10
520403,418,103,100,0.0,11,10
520423,218,93,100,0.07,10,10
520425,149,52,100,0.54,6,10
520111,1506,765,100,0.0,77,10
520402,1361,196,100,0.0,20,10
520526,366,47,100,0.53,5,10
520382,810,369,100,0.0,37,10
520422,361,230,100,0.0,23,10
520603,189,60,100,0.4,6,10
520527,396,277,100,0.0,28,10
520103,3310,905,100,0.0,91,10
520621,281,52,100,0.49,6,10
520523,743,328,100,0.0,33,10
520525,459,382,100,0.0,39,10
520624,309,100,100,0.0,10,10
520524,1002,311,100,0.0,32,10
520622,218,126,100,0.0,13,10
520625,352,99,100,0.01,10,10
520623,306,158,100,0.0,16,10
520521,621,246,100,0.0,25,10
520581,1199,298,100,0.0,30,10
520302,1581,1228,100,0.0,123,10
520627,327,69,100,0.31,7,10
520628,531,36,100,0.92,4,10
520626,371,205,100,0.0,21,10
520502,952,649,100,0.0,65,10
522326,262,115,100,0.0,12,10
522327,217,110,100,0.0,11,10
522323,281,101,100,0.0,11,10
522324,284,130,100,0.0,13,10
522325,350,141,100,0.0,15,10
522623,273,102,100,0.0,11,10
520602,814,648,100,0.0,65,10
522302,477,277,100,0.0,28,10
522624,318,67,100,0.33,7,10
522622,194,131,100,0.0,14,10
522626,277,47,100,0.53,5,10
522328,405,184,100,0.0,19,10
522630,106,40,100,0.92,4,10
522629,195,67,100,0.29,7,10
522635,275,36,100,0.64,4,10
520102,3195,1820,100,0.0,182,10
522636,152,31,100,0.89,4,10
522628,216,122,100,0.0,13,10
522625,308,232,100,0.0,24,10
522634,203,68,100,0.38,7,10
522627,445,152,100,0.0,16,10
522631,574,128,100,0.0,13,10
522601,1019,335,100,0.0,34,10
522632,318,172,100,0.0,18,10
522722,235,23,100,0.09,3,10
522633,267,193,100,0.0,20,10
522701,380,102,100,0.0,11,10
511002,8884,1845,100,0.0,185,10
522727,180,48,100,0.58,5,10
522702,339,193,100,0.0,20,10
522732,236,80,100,0.2,8,10
522729,265,45,100,0.69,5,10
522728,371,117,100,0.0,12,10
522725,489,191,100,0.0,20,10
530114,614,5,100,1.14,1,10
522731,324,210,100,0.0,21,10
530124,260,26,100,1.17,3,10
522730,352,155,100,0.0,16,10
522723,336,229,100,0.0,23,10
530115,387,22,100,1.41,3,10
530127,230,105,100,0.0,11,10
530303,252,51,100,0.57,6,10
530111,2143,70,100,0.3,7,10
530113,793,340,100,0.0,34,10
530304,111,62,100,0.57,7,10
530126,562,170,100,0.0,17,10
522726,412,297,100,0.0,30,10
522301,1352,962,100,0.0,97,10
530103,1400,290,100,0.0,29,10
530302,505,208,100,0.0,21,10
530181,1277,108,100,0.0,11,10
530322,536,180,100,0.0,18,10
530125,685,483,100,0.0,49,10
530326,307,108,100,0.0,11,10
530424,191,51,100,0.84,6,10
530423,571,51,100,0.49,6,10
530324,561,228,100,0.0,23,10
530403,261,106,100,0.0,11,10
530129,740,518,100,0.0,52,10
530426,196,20,100,1.13,2,10
530323,497,254,100,0.0,26,10
530128,708,540,100,0.0,54,10
530425,182,32,100,0.94,4,10
530427,220,88,100,0.12,9,10
530325,363,274,100,0.0,28,10
530428,267,40,100,0.65,4,10
530602,162,69,100,0.31,7,10
530622,406,6,100,1.24,1,10
530621,189,29,100,0.93,3,10
530524,497,89,100,0.11,9,10
530624,96,6,96,2.58,1,10
530402,1147,152,100,0.0,16,10
530623,175,24,100,2.03,3,10
530523,372,54,100,0.8,6,10
530625,148,11,100,2.21,2,10
530481,276,87,100,0.13,9,10
530381,650,402,100,0.0,41,10
530112,2061,735,100,0.0,74,10
530681,70,0,70,2.1,0,7
530626,90,25,90,1.63,3,9
530521,468,168,100,0.0,17,10
530724,80,33,80,0.51,4,8
530702,67,12,67,0.49,2,7
530627,668,20,100,0.8,2,10
530629,171,44,100,1.39,5,10
530721,99,32,99,1.85,4,10
530628,187,52,100,0.48,6,10
530502,805,364,100,0.0,37,10
530723,206,58,100,0.42,6,10
530822,303,84,100,0.16,9,10
530826,95,54,95,0.44,6,10
530824,404,9,100,1.71,1,10
530821,286,165,100,0.0,17,10
530829,127,35,100,0.53,4,10
530102,2410,1353,100,0.0,136,10
530581,896,431,100,0.0,44,10
530825,200,151,100,0.0,16,10
530722,187,144,100,0.0,15,10
530921,157,90,100,0.1,9,10
530827,186,76,100,0.24,8,10
530924,150,14,100,1.67,2,10
530923,145,60,100,0.66,6,10
530927,194,30,100,1.47,3,10
530922,211,128,100,0.0,13,10
532322,127,1,100,2.35,1,10
530823,298,263,100,0.0,27,10
530902,515,230,100,0.0,23,10
532323,157,22,100,0.78,3,10
530925,184,93,100,0.07,10,10
532327,117,4,100,2.3,1,10
530926,350,80,100,0.2,8,10
532328,277,47,100,0.53,5,10
530828,343,215,100,0.0,22,10
530802,489,439,100,0.0,44,10
532324,133,95,100,0.05,10,10
532325,183,83,100,0.17,9,10
532329,248,101,100,0.0,11,10
532501,376,119,100,0.0,12,10
532302,249,139,100,0.0,14,10
532326,267,171,100,0.0,18,10
532301,730,180,100,0.0,18,10
532531,147,22,100,1.71,3,10
532523,112,29,100,1.51,3,10
532525,220,51,100,0.8,6,10
532528,188,141,100,0.0,15,10
532532,151,50,100,0.61,5,10
532530,246,163,100,0.0,17,10
532504,423,142,100,0.0,15,10
532623,127,24,100,1.17,3,10
532527,260,220,100,0.0,22,10
532524,346,234,100,0.0,24,10
532502,343,206,100,0.0,21,10
532626,306,27,100,0.73,3,10
532922,113,64,100,0.49,7,10
532622,421,189,100,0.0,19,10
532625,332,141,100,0.0,15,10
532624,224,144,100,0.0,15,10
532529,574,200,100,0.0,20,10
532627,454,198,100,0.0,20,10
532928,115,8,100,1.69,1,10
532601,737,370,100,0.0,37,10
532628,285,101,100,0.0,11,10
532925,170,139,100,0.0,14,10
532929,122,73,100,0.37,8,10
532923,363,157,100,0.0,16,10
532822,790,235,100,0.0,24,10
532926,164,86,100,0.14,9,10
532927,314,113,100,0.0,12,10
532931,139,31,100,0.35,4,10
532503,792,596,100,0.0,60,10
532823,482,243,100,0.0,25,10
532924,333,259,100,0.0,26,10
532930,182,165,100,0.0,17,10
532932,137,96,100,0.04,10,10
533102,389,73,100,0.27,8,10
533324,65,15,65,0.97,2,7
540104,7,5,7,0.29,1,1
540122,5,0,5,1.8,0,1
540121,11,4,11,0.91,1,2
533124,470,24,100,0.76,3,10
540123,2,1,2,0.5,1,1
533123,385,67,100,0.33,7,10
540124,2,1,2,0.5,1,1
533401,130,40,100,1.7,4,10
540103,64,28,64,0.64,3,7
533323,89,47,89,0.8,5,9
533422,71,21,71,0.89,3,8
540127,7,2,7,0.71,1,1
533325,162,12,100,1.72,2,10
533301,149,33,100,0.56,4,10
540229,2,0,2,0.0,0,1
540221,13,5,13,0.92,1,2
540228,4,1,4,1.25,1,1
540227,13,5,13,1.08,1,2
540225,9,2,9,1.22,1,1
540230,7,3,7,0.57,1,1
540233,3,0,3,2.67,0,1
540231,6,2,6,0.67,1,1
540226,14,3,14,1.07,1,2
533423,88,14,88,0.86,2,9
540223,14,5,14,0.86,1,2
540224,20,4,20,1.8,1,2
540232,10,1,10,1.6,1,1
540234,2,2,2,0.0,1,1
540235,3,1,3,0.67,1,1
540236,9,2,9,1.22,1,1
540237,1,1,1,0.0,1,1
540324,8,2,8,0.75,1,1
540327,9,1,9,0.89,1,1
533122,259,211,100,0.0,22,10
540322,14,2,14,1.0,1,2
540325,15,1,15,1.2,1,2
540323,15,6,15,0.73,1,2
532801,1175,571,100,0.0,58,10
540329,4,0,4,1.0,0,1
540321,27,6,27,0.93,1,3
540326,10,4,10,0.6,1,1
540330,6,1,6,0.83,1,1
533103,526,163,100,0.0,17,10
540328,19,3,19,1.26,1,2
540424,11,3,11,0.73,1,2
540426,5,3,5,0.0,1,1
540521,8,3,8,0.75,1,1
540421,11,7,11,0.64,1,2
540526,1,0,1,2.0,0,1
540523,7,5,7,0.29,1,1
540524,4,2,4,0.5,1,1
540481,22,7,22,1.36,1,3
540527,2,0,2,0.5,0,1
540522,11,6,11,0.55,1,2
540202,98,20,98,0.89,2,10
540302,67,25,67,1.09,3,7
540529,3,1,3,0.67,1,1
540525,3,1,3,0.67,1,1
540531,4,2,4,1.25,1,1
540425,7,2,7,0.86,1,1
540581,1,1,1,0.0,1,1
540621,8,0,8,2.38,0,1
540528,19,9,19,0.68,1,2
540423,11,7,11,0.36,1,2
540602,4,0,4,3.25,0,1
540625,10,0,10,3.5,0,1
540630,1,0,1,1.0,0,1
540624,12,0,12,2.67,0,2
542521,2,0,2,0.5,0,1
540622,10,2,10,1.7,1,1
540629,4,0,4,3.0,0,1
540626,23,0,23,3.35,0,3
542522,4,1,4,0.75,1,1
540627,7,0,7,2.57,0,1
542527,2,1,2,0.0,1,1
542526,4,2,4,1.0,1,1
540623,13,1,13,2.69,1,2
540628,15,2,15,1.87,1,2
542523,21,2,21,1.19,1,3
540402,75,28,75,0.56,3,8
542525,17,3,17,1.24,1,2
542524,5,0,5,1.4,0,1
610118,85,15,85,0.64,2,9
532901,1017,521,100,0.0,53,10
540102,577,252,100,0.0,26,10
540502,110,66,100,0.36,7,10
610117,537,34,100,0.66,4,10
610222,93,65,93,0.26,7,10
610122,360,245,100,0.0,25,10
610202,118,64,100,0.36,7,10
610124,480,30,100,1.14,3,10
610114,312,214,100,0.0,22,10
610104,1357,30,100,0.7,3,10
610116,1446,15,100,0.9,2,10
610103,1524,201,100,0.0,21,10
610203,117,53,100,0.48,6,10
610204,343,65,100,0.35,7,10
610324,215,12,100,0.88,2,10
610323,55,29,55,0.24,3,6
610327,206,7,100,1.53,1,10
610329,62,9,62,2.03,1,7
610302,716,164,100,0.0,17,10
610328,89,5,89,1.72,1,9
610330,118,3,100,2.78,1,10
610326,229,22,100,1.39,3,10
610115,859,453,100,0.0,46,10
610331,81,18,81,2.04,2,9
610305,284,126,100,0.0,13,10
610304,319,59,100,0.41,6,10
610111,1418,323,100,0.0,33,10
610428,126,3,100,2.33,1,10
610422,359,20,100,0.92,2,10
610426,107,0,100,2.47,0,10
610425,155,22,100,1.94,3,10
610423,167,1,100,1.12,1,10
610424,190,91,100,0.09,10,10
610102,1347,591,100,0.0,60,10
610482,5,0,5,2.4,0,1
610403,197,36,100,0.88,4,10
610303,581,460,100,0.0,46,10
610429,195,6,100,0.84,1,10
610430,104,20,100,0.79,2,10
610525,217,6,100,0.94,1,10
610431,214,35,100,0.81,4,10
610522,113,59,100,0.43,6,10
610527,172,5,100,2.03,1,10
610481,237,39,100,0.61,4,10
610526,498,48,100,0.52,5,10
610581,303,45,100,0.55,5,10
610523,348,99,100,0.01,10,10
610404,850,237,100,0.0,24,10
610528,245,124,100,0.0,13,10
610524,182,81,100,0.19,9,10
610503,177,96,100,0.04,10,10
610621,158,19,100,1.38,2,10
610402,1055,419,100,0.0,42,10
610582,200,109,100,0.0,11,10
610626,278,7,100,1.87,1,10
610622,187,62,100,0.38,7,10
610603,282,63,100,0.37,7,10
610628,231,0,100,2.53,0,10
610629,146,6,100,1.09,1,10
610625,221,115,100,0.0,12,10
610631,52,27,52,0.4,3,6
610627,221,112,100,0.0,12,10
610722,373,39,100,0.61,4,10
610630,204,90,100,0.1,9,10
610632,259,51,100,0.64,6,10
610727,175,41,100,0.65,5,10
610723,322,17,100,0.83,2,10
610112,2711,1461,100,0.0,147,10
610113,3095,1076,100,0.0,108,10
610726,243,122,100,0.0,13,10
610730,35,0,35,2.46,0,4
610729,52,8,52,0.5,1,6
610728,172,17,100,1.67,2,10
610703,330,215,100,0.0,22,10
610724,323,173,100,0.0,18,10
610830,185,32,100,0.78,4,10
610825,774,20,100,0.8,2,10
610702,475,281,100,0.0,29,10
610803,418,9,100,2.5,1,10
610827,205,104,100,0.0,11,10
610502,905,696,100,0.0,70,10
610829,139,99,100,0.01,10,10
610826,165,88,100,0.12,9,10
610681,390,219,100,0.0,22,10
610828,208,39,100,0.61,4,10
610923,90,1,90,2.2,1,9
610831,181,72,100,0.28,8,10
610725,285,193,100,0.0,20,10
610927,47,16,47,0.66,2,5
610921,301,28,100,0.83,3,10
610926,119,33,100,0.92,4,10
610922,234,13,100,1.01,2,10
610924,148,8,100,1.3,1,10
610981,144,30,100,0.76,3,10
610822,1039,215,100,0.0,22,10
610925,85,40,85,0.75,4,9
610929,460,48,100,0.52,5,10
611023,269,4,100,0.96,1,10
610824,1090,504,100,0.0,51,10
611021,435,64,100,0.36,7,10
611002,370,100,100,0.0,10,10
620105,300,2,100,0.98,1,10
610602,1679,659,100,0.0,66,10
611022,215,125,100,0.0,13,10
611026,122,46,100,0.75,5,10
620111,428,92,100,0.08,10,10
611025,347,192,100,0.0,20,10
611024,247,173,100,0.0,18,10
620122,205,11,100,0.89,2,10
620321,315,33,100,0.67,4,10
610802,1949,401,100,0.0,41,10
620403,547,4,100,2.68,1,10
620421,273,18,100,2.76,2,10
620402,581,9,100,1.49,1,10
610902,640,380,100,0.0,38,10
620123,463,249,100,0.0,25,10
620422,282,40,100,0.6,4,10
610881,2291,442,100,0.0,45,10
620423,431,105,100,0.0,11,10
620302,739,258,100,0.0,26,10
620524,217,42,100,0.88,5,10
620502,500,58,100,0.44,6,10
620525,115,68,100,0.34,7,10
620721,18,2,18,0.94,1,2
620503,672,5,100,0.95,1,10
620103,1742,473,100,0.0,48,10
620522,275,129,100,0.0,13,10
620621,195,123,100,0.0,13,10
620622,99,12,99,2.64,2,10
620521,312,117,100,0.0,12,10
620602,748,23,100,1.52,3,10
620623,91,27,91,2.21,3,10
620102,2355,333,100,0.0,34,10
620722,213,44,100,0.56,5,10
620121,684,539,100,0.0,54,10
620725,147,23,100,2.04,3,10
620523,294,220,100,0.0,22,10
620823,77,4,77,2.18,1,8
620825,128,2,100,3.03,1,10
620723,222,86,100,0.14,9,10
620881,186,11,100,1.67,2,10
620822,103,0,100,1.72,0,10
620923,90,2,90,2.44,1,9
620724,203,143,100,0.0,15,10
620921,185,7,100,2.62,1,10
620821,206,42,100,1.46,5,10
620802,409,109,100,0.0,11,10
620922,213,40,100,0.6,4,10
620826,201,144,100,0.0,15,10
620924,131,4,100,2.42,1,10
620104,1177,840,100,0.0,84,10
621022,538,19,100,1.32,2,10
620702,645,353,100,0.0,36,10
621024,177,14,100,0.86,2,10
620982,407,61,100,0.39,7,10
621027,333,1,100,3.44,1,10
621025,233,66,100,0.45,7,10
621021,493,27,100,1.68,3,10
621122,580,1,100,1.54,1,10
621023,385,89,100,0.11,9,10
620981,378,198,100,0.0,20,10
620902,863,228,100,0.0,23,10
621125,166,40,100,0.78,4,10
621002,1236,6,100,2.61,1,10
621224,68,3,68,1.53,1,7
621123,296,24,100,0.76,3,10
621222,133,11,100,1.6,2,10
621026,311,76,100,0.24,8,10
621202,499,1,100,2.53,1,10
621228,24,2,24,2.25,1,3
621223,142,46,100,0.54,5,10
621121,285,212,100,0.0,22,10
621221,204,78,100,0.22,8,10
621225,117,25,100,1.28,3,10
621226,115,2,100,2.73,1,10
621126,500,91,100,0.09,10,10
621227,113,12,100,1.46,2,10
622921,297,39,100,0.61,4,10
623025,23,0,23,2.74,0,3
622922,238,14,100,3.0,2,10
622924,136,14,100,0.37,2,10
623001,138,5,100,2.34,1,10
623022,73,12,73,1.85,2,8
623021,128,14,100,2.37,2,10
621124,733,153,100,0.0,16,10
622925,162,99,100,0.01,10,10
622927,111,24,100,2.01,3,10
622901,259,58,100,0.9,6,10
623026,34,5,34,1.06,1,4
623024,65,33,65,0.69,4,7
622926,319,52,100,0.48,6,10
622923,178,134,100,0.0,14,10
621102,702,377,100,0.0,38,10
623023,82,14,82,1.35,2,9
630123,127,3,100,2.35,1,10
623027,109,20,100,1.22,2,10
632222,37,1,37,2.05,1,4
630225,55,6,55,1.78,1,6
632221,78,1,78,2.14,1,8
630105,508,30,100,0.82,3,10
632223,70,19,70,1.04,2,7
632224,53,1,53,2.87,1,6
632322,32,5,32,1.59,1,4
630203,99,48,99,0.66,5,10
632301,56,1,56,2.2,1,6
632324,18,2,18,1.94,1,2
630223,339,10,100,2.28,1,10
632323,34,1,34,1.94,1,4
632522,20,2,20,1.85,1,2
630121,407,61,100,0.39,7,10
630224,108,34,100,1.48,4,10
632626,10,1,10,1.9,1,1
632622,9,2,9,1.33,1,1
630202,206,7,100,1.88,1,10
632621,29,5,29,1.14,1,3
632625,14,1,14,1.36,1,2
632525,51,1,51,1.8,1,6
632623,25,2,25,1.6,1,3
632722,13,0,13,1.69,0,2
632724,7,0,7,2.86,0,1
632725,4,0,4,3.25,0,1
632524,45,3,45,1.51,1,5
632624,26,1,26,1.65,1,3
630222,168,77,100,0.25,8,10
632726,10,1,10,1.7,1,1
632723,8,1,8,1.38,1,1
632523,76,24,76,0.96,3,8
630106,459,211,100,0.0,22,10
632823,30,7,30,1.37,1,3
632821,42,6,42,1.5,1,5
632521,138,43,100,0.73,5,10
632803,50,18,50,0.52,2,5
632701,81,14,81,1.26,2,9
630102,875,245,100,0.0,25,10
630103,651,303,100,0.0,31,10
632802,173,108,100,0.0,11,10
630104,783,306,100,0.0,31,10
632801,452,69,100,0.31,7,10
632822,58,11,58,1.83,2,6
640303,147,69,100,0.24,7,10
640324,169,85,100,0.15,9,10
640205,254,120,100,0.0,12,10
640302,522,13,100,1.32,2,10
640422,114,54,100,0.26,6,10
640221,277,219,100,0.0,22,10
640323,262,156,100,0.0,16,10
640381,251,192,100,0.0,20,10
640423,64,33,64,0.7,4,7
640424,79,13,79,0.99,2,8
640105,337,272,100,0.0,28,10
640425,89,6,89,1.85,1,9
640121,255,235,100,0.0,24,10
640181,403,281,100,0.0,29,10
640402,469,182,100,0.0,19,10
650106,210,15,100,1.88,2,10
640522,111,13,100,1.55,2,10
640122,396,251,100,0.0,26,10
650202,38,0,38,1.42,0,4
650205,10,9,10,0.1,1,1
650105,437,81,100,0.19,9,10
650422,35,8,35,2.03,1,4
650502,1,1,1,0.0,1,1
650204,38,18,38,0.37,2,4
650522,8,2,8,2.38,1,1
640106,449,345,100,0.0,35,10
650521,34,4,34,1.24,1,4
640202,383,306,100,0.0,31,10
650203,254,66,100,0.34,7,10
640521,285,253,100,0.0,26,10
650102,454,147,100,0.0,15,10
650104,1599,20,100,0.29,2,10
652327,32,3,32,1.5,1,4
652323,90,0,90,2.27,0,9
650421,120,85,100,0.15,9,10
652328,47,5,47,1.89,1,5
652723,16,0,16,2.81,0,2
652722,38,2,38,2.42,1,4
652825,7,2,7,0.86,1,1
650109,245,186,100,0.0,19,10
652824,24,1,24,1.88,1,3
652302,118,20,100,1.03,2,10
650103,1564,215,100,0.0,22,10
652822,45,20,45,0.91,2,5
652324,110,56,100,0.78,6,10
652827,57,5,57,2.04,1,6
652829,26,17,26,0.23,2,3
652823,41,18,41,0.71,2,5
652925,8,0,8,2.25,0,1
652922,28,11,28,0.5,2,3
652927,6,3,6,0.5,1,1
652826,55,14,55,0.78,2,6
652928,7,4,7,1.0,1,1
652924,39,14,39,1.46,2,4
653023,1,0,1,3.0,0,1
652902,73,12,73,1.48,2,8
652701,107,61,100,0.6,7,10
652325,123,51,100,0.52,6,10
650121,617,126,100,0.0,13,10
653001,17,4,17,0.88,1,2
653122,8,0,8,2.62,0,1
653126,8,0,8,1.25,0,1
653125,6,0,6,3.33,0,1
653121,6,2,6,1.0,1,1
653127,1,0,1,2.0,0,1
653024,5,2,5,1.2,1,1
653123,8,4,8,0.88,1,1
640502,404,308,100,0.0,31,10
652828,74,19,74,1.41,2,8
653131,6,1,6,1.33,1,1
653128,1,1,1,0.0,1,1
653221,2,0,2,3.5,0,1
653129,1,0,1,0.0,0,1
652301,488,222,100,0.0,23,10
653124,12,7,12,0.33,1,2
652926,62,22,62,0.66,3,7
653130,9,1,9,1.33,1,1
653223,4,2,4,0.25,1,1
653222,5,1,5,1.6,1,1
653201,22,6,22,1.18,1,3
653226,3,1,3,0.67,1,1
654022,34,0,34,2.62,0,4
653225,3,2,3,0.33,1,1
653101,65,6,65,2.62,1,7
653227,3,0,3,2.33,0,1
654027,21,0,21,0.43,0,3
654224,14,0,14,1.86,0,2
654028,15,0,15,3.73,0,2
654025,51,9,51,1.9,1,6
654026,49,4,49,1.8,1,5
654225,9,3,9,0.89,1,1
654021,81,29,81,0.69,3,9
654221,46,3,46,1.22,1,5
654003,164,7,100,3.09,1,10
652901,301,167,100,0.0,17,10
654226,22,9,22,0.82,1,3
654203,80,5,80,1.2,1,8
654321,15,0,15,2.8,0,2
654323,11,0,11,1.82,0,2
654024,71,40,71,0.23,4,8
654322,30,2,30,1.6,1,3
654324,19,9,19,1.05,1,2
659003,11,0,11,2.0,0,2
810004,1,0,1,1.0,0,1
654325,8,1,8,1.88,1,1
654326,12,3,12,1.0,1,2
659005,54,0,54,2.65,0,6
654202,95,18,95,1.16,2,10
654023,193,70,100,0.3,7,10
654201,173,81,100,0.19,9,10
652801,590,134,100,0.0,14,10
659004,120,1,100,2.26,1,10
659002,174,38,100,0.62,4,10
654002,257,178,100,0.0,18,10
654301,112,51,100,0.54,6,10
659001,352,168,100,0.0,17,10
640104,1458,1009,100,0.0,101,10
810003,1490,156,100,0.0,16,10
810013,4195,1394,100,0.0,140,10
